Workbook

Sheet PRINCIPAL
D2: CALZADO - Resumen Enero / Junio 2026
C4: TOTAL | E4: TOTAL
C5: Pares | E5: Fact ($)
N6: Simulador
B7: =AUX!G3 -> ENERO | C7: =+'ENE 26'!AM9 -> 302 | E7: =+'ENE 26'!AO9 -> 10926096 | G7: MIX CALZADO | L7: COMPRA | M7: COMPRA | N7: COMPRA
B8: =AUX!G4 -> FEBRERO | C8: =+'FEB 26'!AM9 -> 264 | E8: =+'FEB 26'!AO9 -> 9563422.5 | G8: Género | H8: Categoría | I8: Share Mix Vol | J8: Desvío | L8: % | M8: UN | N8: UN | AC8: CASUAL | AD8: RUN/TRA | AE8: MULTI | AF8: KIDS
B9: =AUX!G5 -> MARZO | C9: =+'MAR 26'!AM9 -> 396 | E9: =+'MAR 26'!AO9 -> 15972406 | G9: Adulto | H9: Running/Training | I9: 0.22 | J9: +/- 3% | L9: =+AD15/$C$13 -> 0 | M9: =+AD15 -> 0 | N9: =+$N$13*I9 -> 660 | AB9: ENERO | AC9: =+'ENE 26'!$XEO$12 -> 64 | AD9: =+'ENE 26'!$XEP$12 -> 0 | AE9: =+'ENE 26'!$XEQ$12 -> 0 | AF9: =+'ENE 26'!$XER$12 -> 66
B10: =AUX!G6 -> ABRIL | C10: =+'ABR 26'!AM9 -> 416 | E10: =+'ABR 26'!AO9 -> 14869305 | G10: Adulto | H10: Casual | I10: 0.25 | J10: +/- 3% | L10: =+AC15/$C$13 -> 0.24842484 | M10: =+AC15 -> 552 | N10: =+$N$13*I10 -> 750 | AB10: FEBRERO | AC10: =+'FEB 26'!$XEO$12 -> 12 | AD10: =+'FEB 26'!$XEP$12 -> 0 | AE10: =+'FEB 26'!$XEQ$12 -> 0 | AF10: =+'FEB 26'!$XER$12 -> 142
B11: =AUX!G7 -> MAYO | C11: =+'MAY 26'!AM9 -> 392 | E11: =+'MAY 26'!AO9 -> 15989519 | G11: Adulto | H11: *Multideporte | I11: 0.28 | J11: +/- 3% | L11: =+AE15/$C$13 -> 0 | M11: =+AE15 -> 0 | N11: =+$N$13*I11 -> 840 | AB11: MARZO | AC11: =+'MAR 26'!$XEP$12 -> 182 | AD11: =+'MAR 26'!$XEQ$12 -> 0 | AE11: =+'MAR 26'!$XER$12 -> 0 | AF11: =+'MAR 26'!$XES$12 -> 56
B12: =AUX!G8 -> JUNIO | C12: =+'JUN 26'!AM9 -> 452 | E12: =+'JUN 26'!AO9 -> 18638930 | G12: Kids | H12: Kids | I12: 0.25 | J12: +/- 3% | L12: =+AF15/$C$13 -> 0.2070207 | M12: =+AF15 -> 460 | N12: =+$N$13*I12 -> 750 | AB12: ABRIL | AC12: =+'ABR 26'!$XEP$12 -> 74 | AD12: =+'ABR 26'!$XEQ$12 -> 0 | AE12: =+'ABR 26'!$XER$12 -> 0 | AF12: =+'ABR 26'!$XES$12 -> 130
B13: TOTAL | C13: =+SUM(C7:C12) -> 2222 | E13: =+SUM(E7:E12) -> 85959679 | G13: *Incluye Fútbol (10%), Tenis (11%), Outdoor(4%), Basquet (3%) | M13: =+SUM(M9:M12) -> 1012 | N13: 3000 | AB13: MAYO | AC13: =+'MAY 26'!$XEP$12 -> 66 | AD13: =+'MAY 26'!$XEQ$12 -> 0 | AE13: =+'MAY 26'!$XER$12 -> 0 | AF13: =+'MAY 26'!$XES$12 -> 46
AB14: JUNIO | AC14: =+'JUN 26'!$XEP$12 -> 154 | AD14: =+'JUN 26'!$XEQ$12 -> 0 | AE14: =+'JUN 26'!$XER$12 -> 0 | AF14: =+'JUN 26'!$XES$12 -> 20
L15: Poner unidades a comprar | AB15: TOTAL | AC15: =+SUM(AC9:AC14) -> 552 | AD15: =+SUM(AD9:AD14) -> 0 | AE15: =+SUM(AE9:AE14) -> 0 | AF15: =+SUM(AF9:AF14) -> 460

Sheet RESUMEN CATEGORIAS
D2: =PRINCIPAL!D2 -> CALZADO - Resumen Enero / Junio 2026
C4: TOTAL | E4: TOTAL | G4: CATEGORIA | J4: Pared | K4: Var | M4: GENERO | Q4: Pared | R4: Var | AD4: 60 | AQ4: CUARTOS
C5: Pares | E5: Fact ($) | G5: Pares | J5: Ideal | K5: pp | M5: Pares | Q5: Ideal | R5: pp | AD5: 120 | AH5: Categoría | AI5: Total | AK5: Categoría | AL5: Total | AQ5: Pares
B7: =AUX!G3 -> ENERO | C7: =+'ENE 26'!AM9 -> 302 | E7: =+'ENE 26'!AO9 -> 10926096 | G7: CASUAL | H7: =+SUMIF('ENE 26'!$AP:$AP,G7,'ENE 26'!$AM:$AM)+SUMIF('FEB 26'!$AP:$AP,G7,'FEB 26'!$AM:$AM)+SUMIF('MAR 26'!$AP:$AP,G7,'MAR 26'!$AM:$AM)+SUMIF('ABR 26'!$AP:$AP,G7,'ABR 26'!$AM:$AM)+SUMIF('MAY 26'!$AP:$AP,G7,'MAY 26'!$AM:$AM)+SUMIF('JUN 26'!$AP:$AP,G7,'JUN 26'!$AM:$AM) -> 718 | I7: =+IFERROR(H7/$H$14,"-") -> 0.32313231 | J7: =+IFERROR(IF($E$19=60,VLOOKUP(G7,$AK$7:$AM$14,3,0),IF($E$19=120,VLOOKUP(G7,$AH$7:$AJ$15,3,0),0)),0) -> 0 | K7: =+IFERROR((I7-J7)*100,"-") -> 32.313231 | M7: HOMBRE | N7: =+SUMIF('ENE 26'!$A:$A,M7,'ENE 26'!$AM:$AM)+SUMIF('FEB 26'!$A:$A,M7,'FEB 26'!$AM:$AM)+SUMIF('MAR 26'!$A:$A,M7,'MAR 26'!$AM:$AM)+SUMIF('ABR 26'!$A:$A,M7,'ABR 26'!$AM:$AM)+SUMIF('MAY 26'!$A:$A,M7,'MAY 26'!$AM:$AM)+SUMIF('JUN 26'!$A:$A,M7,'JUN 26'!$AM:$AM) -> 730 | O7: =+IFERROR(N7/$N$12,"-") -> 0.32853285 | P7: Hombre | Q7: =+IFERROR(IF($E$19=60,VLOOKUP(M7,$AK$22:$AM$26,3,0),IF($E$19=120,VLOOKUP(M7,$AH$22:$AJ$26,3,0),0)),0) -> 0 | R7: =+IFERROR((O7-Q7)*100,"-") -> 32.853285 | AD7: 0.5 | AE7: =+CONCATENATE("Menor que ",AD7," = ROJO") -> Menor que 0,5 = ROJO | AH7: CASUAL | AI7: =+COUNTIF(#REF!,AH7) -> #REF! | AJ7: =+AI7/$AI$14 -> #REF! | AK7: CASUAL | AL7: =+COUNTIF(#REF!,AK7) -> #REF! | AM7: =+AL7/$AL$14 -> #REF! | AN7: Running Retro | AO7: CASUAL | AQ7: CASUAL | AR7: 250 | AS7: =+IFERROR(AR7/$AR$11,"-") -> 0.25
B8: =AUX!G4 -> FEBRERO | C8: =+'FEB 26'!AM9 -> 264 | E8: =+'FEB 26'!AO9 -> 9563422.5 | G8: RUNNING | H8: =+SUMIF('ENE 26'!$AP:$AP,G8,'ENE 26'!$AM:$AM)+SUMIF('FEB 26'!$AP:$AP,G8,'FEB 26'!$AM:$AM)+SUMIF('MAR 26'!$AP:$AP,G8,'MAR 26'!$AM:$AM)+SUMIF('ABR 26'!$AP:$AP,G8,'ABR 26'!$AM:$AM)+SUMIF('MAY 26'!$AP:$AP,G8,'MAY 26'!$AM:$AM)+SUMIF('JUN 26'!$AP:$AP,G8,'JUN 26'!$AM:$AM) -> 576 | I8: =+IFERROR(H8/$H$14,"-") -> 0.25922592 | J8: =+IFERROR(IF($E$19=60,VLOOKUP(G8,$AK$7:$AM$14,3,0),IF($E$19=120,VLOOKUP(G8,$AH$7:$AJ$15,3,0),0)),0) -> 0 | K8: =+IFERROR((I8-J8)*100,"-") -> 25.922592 | M8: MUJER | N8: =+SUMIF('ENE 26'!$A:$A,M8,'ENE 26'!$AM:$AM)+SUMIF('FEB 26'!$A:$A,M8,'FEB 26'!$AM:$AM)+SUMIF('MAR 26'!$A:$A,M8,'MAR 26'!$AM:$AM)+SUMIF('ABR 26'!$A:$A,M8,'ABR 26'!$AM:$AM)+SUMIF('MAY 26'!$A:$A,M8,'MAY 26'!$AM:$AM)+SUMIF('JUN 26'!$A:$A,M8,'JUN 26'!$AM:$AM) -> 482 | O8: =+IFERROR(N8/$N$12,"-") -> 0.21692169 | P8: Mujer | Q8: =+IFERROR(IF($E$19=60,VLOOKUP(M8,$AK$22:$AM$26,3,0),IF($E$19=120,VLOOKUP(M8,$AH$22:$AJ$26,3,0),0)),0) -> 0 | R8: =+IFERROR((O8-Q8)*100,"-") -> 21.692169 | AD8: 0.75 | AE8: =+CONCATENATE("Entre ",AD7," y ",AD8," = AMARILLO") -> Entre 0,5 y 0,75 = AMARILLO | AH8: RUNNING | AI8: =+COUNTIF(#REF!,AH8) -> #REF! | AJ8: =+AI8/$AI$14 -> #REF! | AK8: RUNNING | AL8: =+COUNTIF(#REF!,AK8) -> #REF! | AM8: =+AL8/$AL$14 -> #REF! | AN8: Tenis Retro | AO8: CASUAL | AQ8: RUNNING+TRAINING | AR8: 250 | AS8: =+IFERROR(AR8/$AR$11,"-") -> 0.25
B9: =AUX!G5 -> MARZO | C9: =+'MAR 26'!AM9 -> 396 | E9: =+'MAR 26'!AO9 -> 15972406 | G9: TENIS | H9: =+SUMIF('ENE 26'!$AP:$AP,G9,'ENE 26'!$AM:$AM)+SUMIF('FEB 26'!$AP:$AP,G9,'FEB 26'!$AM:$AM)+SUMIF('MAR 26'!$AP:$AP,G9,'MAR 26'!$AM:$AM)+SUMIF('ABR 26'!$AP:$AP,G9,'ABR 26'!$AM:$AM)+SUMIF('MAY 26'!$AP:$AP,G9,'MAY 26'!$AM:$AM)+SUMIF('JUN 26'!$AP:$AP,G9,'JUN 26'!$AM:$AM) -> 0 | I9: =+IFERROR(H9/$H$14,"-") -> 0 | J9: =+IFERROR(IF($E$19=60,VLOOKUP(G9,$AK$7:$AM$14,3,0),IF($E$19=120,VLOOKUP(G9,$AH$7:$AJ$15,3,0),0)),0) -> 0 | K9: =+IFERROR((I9-J9)*100,"-") -> 0 | M9: UNISEX | N9: =+SUMIF('ENE 26'!$A:$A,M9,'ENE 26'!$AM:$AM)+SUMIF('FEB 26'!$A:$A,M9,'FEB 26'!$AM:$AM)+SUMIF('MAR 26'!$A:$A,M9,'MAR 26'!$AM:$AM)+SUMIF('ABR 26'!$A:$A,M9,'ABR 26'!$AM:$AM)+SUMIF('MAY 26'!$A:$A,M9,'MAY 26'!$AM:$AM)+SUMIF('JUN 26'!$A:$A,M9,'JUN 26'!$AM:$AM) -> 470 | O9: =+IFERROR(N9/$N$12,"-") -> 0.21152115 | P9: Unisex | Q9: =+IFERROR(IF($E$19=60,VLOOKUP(M9,$AK$22:$AM$26,3,0),IF($E$19=120,VLOOKUP(M9,$AH$22:$AJ$26,3,0),0)),0) -> 0 | R9: =+IFERROR((O9-Q9)*100,"-") -> 21.152115 | AD9: 1 | AE9: =+CONCATENATE("Mayor que ",AD8," = VERDE") -> Mayor que 0,75 = VERDE | AH9: TENIS | AI9: =+COUNTIF(#REF!,AH9) -> #REF! | AJ9: =+AI9/$AI$14 -> #REF! | AK9: TENIS | AL9: =+COUNTIF(#REF!,AK9) -> #REF! | AM9: =+AL9/$AL$14 -> #REF! | AN9: Casual Deportivo | AO9: CASUAL | AQ9: MULTIDEPORTE | AR9: 250 | AS9: =+IFERROR(AR9/$AR$11,"-") -> 0.25
B10: =AUX!G6 -> ABRIL | C10: =+'ABR 26'!AM9 -> 416 | E10: =+'ABR 26'!AO9 -> 14869305 | G10: TRAINING | H10: =+SUMIF('ENE 26'!$AP:$AP,G10,'ENE 26'!$AM:$AM)+SUMIF('FEB 26'!$AP:$AP,G10,'FEB 26'!$AM:$AM)+SUMIF('MAR 26'!$AP:$AP,G10,'MAR 26'!$AM:$AM)+SUMIF('ABR 26'!$AP:$AP,G10,'ABR 26'!$AM:$AM)+SUMIF('MAY 26'!$AP:$AP,G10,'MAY 26'!$AM:$AM)+SUMIF('JUN 26'!$AP:$AP,G10,'JUN 26'!$AM:$AM) -> 422 | I10: =+IFERROR(H10/$H$14,"-") -> 0.18991899 | J10: =+IFERROR(IF($E$19=60,VLOOKUP(G10,$AK$7:$AM$14,3,0),IF($E$19=120,VLOOKUP(G10,$AH$7:$AJ$15,3,0),0)),0) -> 0 | K10: =+IFERROR((I10-J10)*100,"-") -> 18.991899 | M10: KIDS | N10: =+SUMIF('ENE 26'!$A:$A,M10,'ENE 26'!$AM:$AM)+SUMIF('FEB 26'!$A:$A,M10,'FEB 26'!$AM:$AM)+SUMIF('MAR 26'!$A:$A,M10,'MAR 26'!$AM:$AM)+SUMIF('ABR 26'!$A:$A,M10,'ABR 26'!$AM:$AM)+SUMIF('MAY 26'!$A:$A,M10,'MAY 26'!$AM:$AM)+SUMIF('JUN 26'!$A:$A,M10,'JUN 26'!$AM:$AM) -> 540 | O10: =+IFERROR(N10/$N$12,"-") -> 0.2430243 | P10: Kids | Q10: =+IFERROR(IF($E$19=60,VLOOKUP(M10,$AK$22:$AM$26,3,0),IF($E$19=120,VLOOKUP(M10,$AH$22:$AJ$26,3,0),0)),0) -> 0 | R10: =+IFERROR((O10-Q10)*100,"-") -> 24.30243 | AH10: TRAINING | AI10: =+COUNTIF(#REF!,AH10) -> #REF! | AJ10: =+AI10/$AI$14 -> #REF! | AK10: TRAINING | AL10: =+COUNTIF(#REF!,AK10) -> #REF! | AM10: =+AL10/$AL$14 -> #REF! | AN10: Ugly | AO10: CASUAL | AQ10: KIDS | AR10: 250 | AS10: =+IFERROR(AR10/$AR$11,"-") -> 0.25
B11: =AUX!G7 -> MAYO | C11: =+'MAY 26'!AM9 -> 392 | E11: =+'MAY 26'!AO9 -> 15989519 | G11: FUTBOL | H11: =+SUMIF('ENE 26'!$AP:$AP,G11,'ENE 26'!$AM:$AM)+SUMIF('FEB 26'!$AP:$AP,G11,'FEB 26'!$AM:$AM)+SUMIF('MAR 26'!$AP:$AP,G11,'MAR 26'!$AM:$AM)+SUMIF('ABR 26'!$AP:$AP,G11,'ABR 26'!$AM:$AM)+SUMIF('MAY 26'!$AP:$AP,G11,'MAY 26'!$AM:$AM)+SUMIF('JUN 26'!$AP:$AP,G11,'JUN 26'!$AM:$AM) -> 92 | I11: =+IFERROR(H11/$H$14,"-") -> 0.04140414 | J11: =+IFERROR(IF($E$19=60,VLOOKUP(G11,$AK$7:$AM$14,3,0),IF($E$19=120,VLOOKUP(G11,$AH$7:$AJ$15,3,0),0)),0) -> 0 | K11: =+IFERROR((I11-J11)*100,"-") -> 4.140414 | M11: BEBE | N11: =+SUMIF('ENE 26'!$A:$A,M11,'ENE 26'!$AM:$AM)+SUMIF('FEB 26'!$A:$A,M11,'FEB 26'!$AM:$AM)+SUMIF('MAR 26'!$A:$A,M11,'MAR 26'!$AM:$AM)+SUMIF('ABR 26'!$A:$A,M11,'ABR 26'!$AM:$AM)+SUMIF('MAY 26'!$A:$A,M11,'MAY 26'!$AM:$AM)+SUMIF('JUN 26'!$A:$A,M11,'JUN 26'!$AM:$AM) -> 0 | O11: =+IFERROR(N11/$N$12,"-") -> 0 | P11: Bebe | Q11: =+IFERROR(IF($E$19=60,VLOOKUP(M11,$AK$22:$AM$26,3,0),IF($E$19=120,VLOOKUP(M11,$AH$22:$AJ$26,3,0),0)),0) -> 0 | R11: =+IFERROR((O11-Q11)*100,"-") -> 0 | AH11: FUTBOL | AI11: =+COUNTIF(#REF!,AH11) -> #REF! | AJ11: =+AI11/$AI$14 -> #REF! | AK11: FUTBOL | AL11: =+COUNTIF(#REF!,AK11) -> #REF! | AM11: =+AL11/$AL$14 -> #REF! | AN11: AV | AO11: CASUAL | AQ11: TOTAL | AR11: =+SUM(AR7:AR10) -> 1000 | AS11: =+SUM(AS7:AS10) -> 1
B12: =AUX!G8 -> JUNIO | C12: =+'JUN 26'!AM9 -> 452 | E12: =+'JUN 26'!AO9 -> 18638930 | G12: OUTDOOR | H12: =+SUMIF('ENE 26'!$AP:$AP,G12,'ENE 26'!$AM:$AM)+SUMIF('FEB 26'!$AP:$AP,G12,'FEB 26'!$AM:$AM)+SUMIF('MAR 26'!$AP:$AP,G12,'MAR 26'!$AM:$AM)+SUMIF('ABR 26'!$AP:$AP,G12,'ABR 26'!$AM:$AM)+SUMIF('MAY 26'!$AP:$AP,G12,'MAY 26'!$AM:$AM)+SUMIF('JUN 26'!$AP:$AP,G12,'JUN 26'!$AM:$AM) -> 398 | I12: =+IFERROR(H12/$H$14,"-") -> 0.17911791 | J12: =+IFERROR(IF($E$19=60,VLOOKUP(G12,$AK$7:$AM$14,3,0),IF($E$19=120,VLOOKUP(G12,$AH$7:$AJ$15,3,0),0)),0) -> 0 | K12: =+IFERROR((I12-J12)*100,"-") -> 17.911791 | M12: TOTAL | N12: =+SUM(N7:N11) -> 2222 | O12: =+SUM(O7:O11) -> 1 | AH12: OUTDOOR | AI12: =+COUNTIF(#REF!,AH12) -> #REF! | AJ12: =+AI12/$AI$14 -> #REF! | AK12: OUTDOOR | AL12: =+COUNTIF(#REF!,AK12) -> #REF! | AM12: =+AL12/$AL$14 -> #REF! | AN12: AV - Clásicos | AO12: CASUAL
B13: TOTAL | C13: =+SUM(C7:C12) -> 2222 | E13: =+SUM(E7:E12) -> 85959679 | G13: BASKET | H13: =+SUMIF('ENE 26'!$AP:$AP,G13,'ENE 26'!$AM:$AM)+SUMIF('FEB 26'!$AP:$AP,G13,'FEB 26'!$AM:$AM)+SUMIF('MAR 26'!$AP:$AP,G13,'MAR 26'!$AM:$AM)+SUMIF('ABR 26'!$AP:$AP,G13,'ABR 26'!$AM:$AM)+SUMIF('MAY 26'!$AP:$AP,G13,'MAY 26'!$AM:$AM)+SUMIF('JUN 26'!$AP:$AP,G13,'JUN 26'!$AM:$AM) -> 16 | I13: =+IFERROR(H13/$H$14,"-") -> 0.0072007201 | J13: =+IFERROR(IF($E$19=60,VLOOKUP(G13,$AK$7:$AM$14,3,0),IF($E$19=120,VLOOKUP(G13,$AH$7:$AJ$15,3,0),0)),0) -> 0 | K13: =+IFERROR((I13-J13)*100,"-") -> 0.72007201 | AH13: BASKET | AI13: =+COUNTIF(#REF!,AH13) -> #REF! | AJ13: =+AI13/$AI$14 -> #REF! | AK13: BASKET | AL13: =+COUNTIF(#REF!,AK13) -> #REF! | AM13: =+AL13/$AL$14 -> #REF! | AN13: Performance | AO13: RUNNING
G14: TOTAL | H14: =+SUM(H7:H13) -> 2222 | I14: =+SUM(I7:I13) -> 1 | AD14: -2 | AH14: Total general | AI14: =+SUM(AI7:AI13) -> #REF! | AJ14: =+AI14/$AI$14 -> #REF! | AK14: Total general | AL14: =+SUM(AL6:AL13) -> #REF! | AM14: =+AL14/$AL$14 -> #REF! | AN14: Training | AO14: TRAINING
AD15: 2 | AN15: Action | AO15: TENIS
AN16: Off Court | AO16: TENIS
AN17: Silos | AO17: FUTBOL
G18: CATEGORIA | J18: Pared | K18: Var | M18: GENERO | Q18: Pared | R18: Var | AN18: F4F | AO18: FUTBOL | AQ18: CUARTOS | AT18: FOCO
G19: Cant Art | J19: Ideal | K19: pp | M19: Cant Art | Q19: Ideal | R19: pp | AN19: Outdoor | AO19: OUTDOOR | AQ19: Cant Art | AT19: Cant Art
AN20: Basket | AO20: BASKET
G21: CASUAL | H21: =+COUNTIFS('ENE 26'!$AP:$AP,G21,'ENE 26'!$AM:$AM,">0")+COUNTIFS('FEB 26'!$AP:$AP,G21,'FEB 26'!$AM:$AM,">0")+COUNTIFS('MAR 26'!$AP:$AP,G21,'MAR 26'!$AM:$AM,">0")+COUNTIFS('ABR 26'!$AP:$AP,G21,'ABR 26'!$AM:$AM,">0")+COUNTIFS('MAY 26'!$AP:$AP,G21,'MAY 26'!$AM:$AM,">0")+COUNTIFS('JUN 26'!$AP:$AP,G21,'JUN 26'!$AM:$AM,">0") -> 26 | I21: =+IFERROR(H21/$H$28,"-") -> 0.27956989 | J21: =+IFERROR(IF($E$19=60,VLOOKUP(G21,$AK$7:$AM$14,3,0),IF($E$19=120,VLOOKUP(G21,$AH$7:$AJ$15,3,0),0)),0) -> 0 | K21: =+IFERROR((I21-J21)*100,"-") -> 27.956989 | M21: HOMBRE | N21: =+COUNTIFS('ENE 26'!$A:$A,M21,'ENE 26'!$AM:$AM,">0")+COUNTIFS('FEB 26'!$A:$A,M21,'FEB 26'!$AM:$AM,">0")+COUNTIFS('MAR 26'!$A:$A,M21,'MAR 26'!$AM:$AM,">0")+COUNTIFS('ABR 26'!$A:$A,M21,'ABR 26'!$AM:$AM,">0")+COUNTIFS('MAY 26'!$A:$A,M21,'MAY 26'!$AM:$AM,">0")+COUNTIFS('JUN 26'!$A:$A,M21,'JUN 26'!$AM:$AM,">0") -> 32 | O21: =+IFERROR(N21/$N$26,"-") -> 0.34408602 | P21: Hombre | Q21: =+IFERROR(IF($E$19=60,VLOOKUP(M21,$AK$22:$AM$26,3,0),IF($E$19=120,VLOOKUP(M21,$AH$22:$AJ$26,3,0),0)),0) -> 0 | R21: =+IFERROR((O21-Q21)*100,"-") -> 34.408602 | U21: CANT. MODELOS FOCO | V21: =SUM(AD25:AD32) -> 0 | AH21: Género | AI21: Total | AK21: Género | AL21: Total | AN21: Running | AO21: RUNNING | AQ21: CASUAL | AR21: =+COUNTIFS('ENE 26'!$AQ:$AQ,AQ21,'ENE 26'!$AM:$AM,">0")+COUNTIFS('FEB 26'!$AQ:$AQ,AQ21,'FEB 26'!$AM:$AM,">0")+COUNTIFS('MAR 26'!$AQ:$AQ,AQ21,'MAR 26'!$AM:$AM,">0")+COUNTIFS('ABR 26'!$AQ:$AQ,AQ21,'ABR 26'!$AM:$AM,">0")+COUNTIFS('MAY 26'!$AQ:$AQ,AQ21,'MAY 26'!$AM:$AM,">0")+COUNTIFS('JUN 26'!$AQ:$AQ,AQ21,'JUN 26'!$AM:$AM,">0") -> 21 | AS21: =+IFERROR(AR21/$AR$25,"-") -> 0.22580645 | AT21: =COUNTIFS($C$33:$C$59,AQ21,$F$33:$F$59,">0") -> 1
G22: RUNNING | H22: =+COUNTIFS('ENE 26'!$AP:$AP,G22,'ENE 26'!$AM:$AM,">0")+COUNTIFS('FEB 26'!$AP:$AP,G22,'FEB 26'!$AM:$AM,">0")+COUNTIFS('MAR 26'!$AP:$AP,G22,'MAR 26'!$AM:$AM,">0")+COUNTIFS('ABR 26'!$AP:$AP,G22,'ABR 26'!$AM:$AM,">0")+COUNTIFS('MAY 26'!$AP:$AP,G22,'MAY 26'!$AM:$AM,">0")+COUNTIFS('JUN 26'!$AP:$AP,G22,'JUN 26'!$AM:$AM,">0") -> 26 | I22: =+IFERROR(H22/$H$28,"-") -> 0.27956989 | J22: =+IFERROR(IF($E$19=60,VLOOKUP(G22,$AK$7:$AM$14,3,0),IF($E$19=120,VLOOKUP(G22,$AH$7:$AJ$15,3,0),0)),0) -> 0 | K22: =+IFERROR((I22-J22)*100,"-") -> 27.956989 | M22: MUJER | N22: =+COUNTIFS('ENE 26'!$A:$A,M22,'ENE 26'!$AM:$AM,">0")+COUNTIFS('FEB 26'!$A:$A,M22,'FEB 26'!$AM:$AM,">0")+COUNTIFS('MAR 26'!$A:$A,M22,'MAR 26'!$AM:$AM,">0")+COUNTIFS('ABR 26'!$A:$A,M22,'ABR 26'!$AM:$AM,">0")+COUNTIFS('MAY 26'!$A:$A,M22,'MAY 26'!$AM:$AM,">0")+COUNTIFS('JUN 26'!$A:$A,M22,'JUN 26'!$AM:$AM,">0") -> 21 | O22: =+IFERROR(N22/$N$26,"-") -> 0.22580645 | P22: Mujer | Q22: =+IFERROR(IF($E$19=60,VLOOKUP(M22,$AK$22:$AM$26,3,0),IF($E$19=120,VLOOKUP(M22,$AH$22:$AJ$26,3,0),0)),0) -> 0 | R22: =+IFERROR((O22-Q22)*100,"-") -> 22.580645 | AH22: BEBE | AI22: =+COUNTIF(#REF!,AH22) -> #REF! | AJ22: =+AI22/$AI$27 -> #REF! | AK22: BEBE | AL22: =+COUNTIF(#REF!,AK22) -> #REF! | AM22: =+AL22/$AL$27 -> #REF! | AQ22: RUNNING+TRAINING | AR22: =+COUNTIFS('ENE 26'!$AQ:$AQ,AQ22,'ENE 26'!$AM:$AM,">0")+COUNTIFS('FEB 26'!$AQ:$AQ,AQ22,'FEB 26'!$AM:$AM,">0")+COUNTIFS('MAR 26'!$AQ:$AQ,AQ22,'MAR 26'!$AM:$AM,">0")+COUNTIFS('ABR 26'!$AQ:$AQ,AQ22,'ABR 26'!$AM:$AM,">0")+COUNTIFS('MAY 26'!$AQ:$AQ,AQ22,'MAY 26'!$AM:$AM,">0")+COUNTIFS('JUN 26'!$AQ:$AQ,AQ22,'JUN 26'!$AM:$AM,">0") -> 32 | AS22: =+IFERROR(AR22/$AR$25,"-") -> 0.34408602 | AT22: =COUNTIFS($C$33:$C$59,AQ22,$F$33:$F$59,">0") -> 6
G23: TENIS | H23: =+COUNTIFS('ENE 26'!$AP:$AP,G23,'ENE 26'!$AM:$AM,">0")+COUNTIFS('FEB 26'!$AP:$AP,G23,'FEB 26'!$AM:$AM,">0")+COUNTIFS('MAR 26'!$AP:$AP,G23,'MAR 26'!$AM:$AM,">0")+COUNTIFS('ABR 26'!$AP:$AP,G23,'ABR 26'!$AM:$AM,">0")+COUNTIFS('MAY 26'!$AP:$AP,G23,'MAY 26'!$AM:$AM,">0")+COUNTIFS('JUN 26'!$AP:$AP,G23,'JUN 26'!$AM:$AM,">0") -> 0 | I23: =+IFERROR(H23/$H$28,"-") -> 0 | J23: =+IFERROR(IF($E$19=60,VLOOKUP(G23,$AK$7:$AM$14,3,0),IF($E$19=120,VLOOKUP(G23,$AH$7:$AJ$15,3,0),0)),0) -> 0 | K23: =+IFERROR((I23-J23)*100,"-") -> 0 | M23: UNISEX | N23: =+COUNTIFS('ENE 26'!$A:$A,M23,'ENE 26'!$AM:$AM,">0")+COUNTIFS('FEB 26'!$A:$A,M23,'FEB 26'!$AM:$AM,">0")+COUNTIFS('MAR 26'!$A:$A,M23,'MAR 26'!$AM:$AM,">0")+COUNTIFS('ABR 26'!$A:$A,M23,'ABR 26'!$AM:$AM,">0")+COUNTIFS('MAY 26'!$A:$A,M23,'MAY 26'!$AM:$AM,">0")+COUNTIFS('JUN 26'!$A:$A,M23,'JUN 26'!$AM:$AM,">0") -> 18 | O23: =+IFERROR(N23/$N$26,"-") -> 0.19354839 | P23: Unisex | Q23: =+IFERROR(IF($E$19=60,VLOOKUP(M23,$AK$22:$AM$26,3,0),IF($E$19=120,VLOOKUP(M23,$AH$22:$AJ$26,3,0),0)),0) -> 0 | R23: =+IFERROR((O23-Q23)*100,"-") -> 19.354839 | AH23: HOMBRE | AI23: =+COUNTIF(#REF!,AH23) -> #REF! | AJ23: =+AI23/$AI$27 -> #REF! | AK23: HOMBRE | AL23: =+COUNTIF(#REF!,AK23) -> #REF! | AM23: =+AL23/$AL$27 -> #REF! | AQ23: MULTIDEPORTE | AR23: =+COUNTIFS('ENE 26'!$AQ:$AQ,AQ23,'ENE 26'!$AM:$AM,">0")+COUNTIFS('FEB 26'!$AQ:$AQ,AQ23,'FEB 26'!$AM:$AM,">0")+COUNTIFS('MAR 26'!$AQ:$AQ,AQ23,'MAR 26'!$AM:$AM,">0")+COUNTIFS('ABR 26'!$AQ:$AQ,AQ23,'ABR 26'!$AM:$AM,">0")+COUNTIFS('MAY 26'!$AQ:$AQ,AQ23,'MAY 26'!$AM:$AM,">0")+COUNTIFS('JUN 26'!$AQ:$AQ,AQ23,'JUN 26'!$AM:$AM,">0") -> 18 | AS23: =+IFERROR(AR23/$AR$25,"-") -> 0.19354839 | AT23: =COUNTIFS($C$33:$C$59,AQ23,$F$33:$F$59,">0") -> 2
G24: TRAINING | H24: =+COUNTIFS('ENE 26'!$AP:$AP,G24,'ENE 26'!$AM:$AM,">0")+COUNTIFS('FEB 26'!$AP:$AP,G24,'FEB 26'!$AM:$AM,">0")+COUNTIFS('MAR 26'!$AP:$AP,G24,'MAR 26'!$AM:$AM,">0")+COUNTIFS('ABR 26'!$AP:$AP,G24,'ABR 26'!$AM:$AM,">0")+COUNTIFS('MAY 26'!$AP:$AP,G24,'MAY 26'!$AM:$AM,">0")+COUNTIFS('JUN 26'!$AP:$AP,G24,'JUN 26'!$AM:$AM,">0") -> 15 | I24: =+IFERROR(H24/$H$28,"-") -> 0.16129032 | J24: =+IFERROR(IF($E$19=60,VLOOKUP(G24,$AK$7:$AM$14,3,0),IF($E$19=120,VLOOKUP(G24,$AH$7:$AJ$15,3,0),0)),0) -> 0 | K24: =+IFERROR((I24-J24)*100,"-") -> 16.129032 | M24: KIDS | N24: =+COUNTIFS('ENE 26'!$A:$A,M24,'ENE 26'!$AM:$AM,">0")+COUNTIFS('FEB 26'!$A:$A,M24,'FEB 26'!$AM:$AM,">0")+COUNTIFS('MAR 26'!$A:$A,M24,'MAR 26'!$AM:$AM,">0")+COUNTIFS('ABR 26'!$A:$A,M24,'ABR 26'!$AM:$AM,">0")+COUNTIFS('MAY 26'!$A:$A,M24,'MAY 26'!$AM:$AM,">0")+COUNTIFS('JUN 26'!$A:$A,M24,'JUN 26'!$AM:$AM,">0") -> 22 | O24: =+IFERROR(N24/$N$26,"-") -> 0.23655914 | P24: Kids | Q24: =+IFERROR(IF($E$19=60,VLOOKUP(M24,$AK$22:$AM$26,3,0),IF($E$19=120,VLOOKUP(M24,$AH$22:$AJ$26,3,0),0)),0) -> 0 | R24: =+IFERROR((O24-Q24)*100,"-") -> 23.655914 | U24: MODELOS FOCO | V24: ENE | W24: FEB | X24: MAR | Y24: ABR | Z24: MAY | AA24: JUN | AB24: Compro | AC24: SI/NO | AD24: Modelos | AH24: KIDS | AI24: =+COUNTIF(#REF!,AH24) -> #REF! | AJ24: =+AI24/$AI$27 -> #REF! | AK24: KIDS | AL24: =+COUNTIF(#REF!,AK24) -> #REF! | AM24: =+AL24/$AL$27 -> #REF! | AQ24: KIDS | AR24: =+COUNTIFS('ENE 26'!$AQ:$AQ,AQ24,'ENE 26'!$AM:$AM,">0")+COUNTIFS('FEB 26'!$AQ:$AQ,AQ24,'FEB 26'!$AM:$AM,">0")+COUNTIFS('MAR 26'!$AQ:$AQ,AQ24,'MAR 26'!$AM:$AM,">0")+COUNTIFS('ABR 26'!$AQ:$AQ,AQ24,'ABR 26'!$AM:$AM,">0")+COUNTIFS('MAY 26'!$AQ:$AQ,AQ24,'MAY 26'!$AM:$AM,">0")+COUNTIFS('JUN 26'!$AQ:$AQ,AQ24,'JUN 26'!$AM:$AM,">0") -> 22 | AS24: =+IFERROR(AR24/$AR$25,"-") -> 0.23655914 | AT24: =COUNTIFS($C$33:$C$59,AQ24,$F$33:$F$59,">0") -> 3
G25: FUTBOL | H25: =+COUNTIFS('ENE 26'!$AP:$AP,G25,'ENE 26'!$AM:$AM,">0")+COUNTIFS('FEB 26'!$AP:$AP,G25,'FEB 26'!$AM:$AM,">0")+COUNTIFS('MAR 26'!$AP:$AP,G25,'MAR 26'!$AM:$AM,">0")+COUNTIFS('ABR 26'!$AP:$AP,G25,'ABR 26'!$AM:$AM,">0")+COUNTIFS('MAY 26'!$AP:$AP,G25,'MAY 26'!$AM:$AM,">0")+COUNTIFS('JUN 26'!$AP:$AP,G25,'JUN 26'!$AM:$AM,">0") -> 8 | I25: =+IFERROR(H25/$H$28,"-") -> 0.086021505 | J25: =+IFERROR(IF($E$19=60,VLOOKUP(G25,$AK$7:$AM$14,3,0),IF($E$19=120,VLOOKUP(G25,$AH$7:$AJ$15,3,0),0)),0) -> 0 | K25: =+IFERROR((I25-J25)*100,"-") -> 8.6021505 | M25: BEBE | N25: =+COUNTIFS('ENE 26'!$A:$A,M25,'ENE 26'!$AM:$AM,">0")+COUNTIFS('FEB 26'!$A:$A,M25,'FEB 26'!$AM:$AM,">0")+COUNTIFS('MAR 26'!$A:$A,M25,'MAR 26'!$AM:$AM,">0")+COUNTIFS('ABR 26'!$A:$A,M25,'ABR 26'!$AM:$AM,">0")+COUNTIFS('MAY 26'!$A:$A,M25,'MAY 26'!$AM:$AM,">0")+COUNTIFS('JUN 26'!$A:$A,M25,'JUN 26'!$AM:$AM,">0") -> 0 | O25: =+IFERROR(N25/$N$26,"-") -> 0 | P25: Bebe | Q25: =+IFERROR(IF($E$19=60,VLOOKUP(M25,$AK$22:$AM$26,3,0),IF($E$19=120,VLOOKUP(M25,$AH$22:$AJ$26,3,0),0)),0) -> 0 | R25: =+IFERROR((O25-Q25)*100,"-") -> 0 | T25: 1 | U25: T.350 MESH | V25: =VLOOKUP($U25,'ENE 26'!$C$14:$C$104,1,0) -> #N/A | W25: =VLOOKUP($U25,'FEB 26'!$C$14:$C$100,1,0) -> #N/A | X25: =VLOOKUP($U25,'MAR 26'!$C$14:$C$101,1,0) -> #N/A | Y25: =VLOOKUP($U25,'ABR 26'!$C$14:$C$101,1,0) -> #N/A | Z25: =VLOOKUP($U25,'MAY 26'!$C$14:$C$100,1,0) -> #N/A | AA25: =VLOOKUP($U25,'JUN 26'!$C$14:$C$103,1,0) -> #N/A | AB25: =COUNTIF(V25:AA25,U25) -> 0 | AC25: =IF(AB25>0,"SI","NO") -> NO | AD25: =IF(AC25="SI",1,0) -> 0 | AH25: MUJER | AI25: =+COUNTIF(#REF!,AH25) -> #REF! | AJ25: =+AI25/$AI$27 -> #REF! | AK25: MUJER | AL25: =+COUNTIF(#REF!,AK25) -> #REF! | AM25: =+AL25/$AL$27 -> #REF! | AQ25: TOTAL | AR25: =+SUM(AR21:AR24) -> 93 | AS25: =+SUM(AS21:AS24) -> 1
G26: OUTDOOR | H26: =+COUNTIFS('ENE 26'!$AP:$AP,G26,'ENE 26'!$AM:$AM,">0")+COUNTIFS('FEB 26'!$AP:$AP,G26,'FEB 26'!$AM:$AM,">0")+COUNTIFS('MAR 26'!$AP:$AP,G26,'MAR 26'!$AM:$AM,">0")+COUNTIFS('ABR 26'!$AP:$AP,G26,'ABR 26'!$AM:$AM,">0")+COUNTIFS('MAY 26'!$AP:$AP,G26,'MAY 26'!$AM:$AM,">0")+COUNTIFS('JUN 26'!$AP:$AP,G26,'JUN 26'!$AM:$AM,">0") -> 17 | I26: =+IFERROR(H26/$H$28,"-") -> 0.1827957 | J26: =+IFERROR(IF($E$19=60,VLOOKUP(G26,$AK$7:$AM$14,3,0),IF($E$19=120,VLOOKUP(G26,$AH$7:$AJ$15,3,0),0)),0) -> 0 | K26: =+IFERROR((I26-J26)*100,"-") -> 18.27957 | M26: TOTAL | N26: =+SUM(N21:N25) -> 93 | O26: =+SUM(O21:O25) -> 1 | T26: 2 | U26: MAMBA | V26: =VLOOKUP($U26,'ENE 26'!$C$14:$C$104,1,0) -> #N/A | W26: =VLOOKUP($U26,'FEB 26'!$C$14:$C$100,1,0) -> #N/A | X26: =VLOOKUP($U26,'MAR 26'!$C$14:$C$101,1,0) -> #N/A | Y26: =VLOOKUP($U26,'ABR 26'!$C$14:$C$101,1,0) -> #N/A | Z26: =VLOOKUP($U26,'MAY 26'!$C$14:$C$100,1,0) -> #N/A | AA26: =VLOOKUP($U26,'JUN 26'!$C$14:$C$103,1,0) -> #N/A | AB26: =COUNTIF(V26:AA26,U26) -> 0 | AC26: =IF(AB26>0,"SI","NO") -> NO | AD26: =IF(AC26="SI",1,0) -> 0 | AH26: UNISEX | AI26: =+COUNTIF(#REF!,AH26) -> #REF! | AJ26: =+AI26/$AI$27 -> #REF! | AK26: UNISEX | AL26: =+COUNTIF(#REF!,AK26) -> #REF! | AM26: =+AL26/$AL$27 -> #REF!
G27: BASKET | H27: =+COUNTIFS('ENE 26'!$AP:$AP,G27,'ENE 26'!$AM:$AM,">0")+COUNTIFS('FEB 26'!$AP:$AP,G27,'FEB 26'!$AM:$AM,">0")+COUNTIFS('MAR 26'!$AP:$AP,G27,'MAR 26'!$AM:$AM,">0")+COUNTIFS('ABR 26'!$AP:$AP,G27,'ABR 26'!$AM:$AM,">0")+COUNTIFS('MAY 26'!$AP:$AP,G27,'MAY 26'!$AM:$AM,">0")+COUNTIFS('JUN 26'!$AP:$AP,G27,'JUN 26'!$AM:$AM,">0") -> 1 | I27: =+IFERROR(H27/$H$28,"-") -> 0.010752688 | J27: =+IFERROR(IF($E$19=60,VLOOKUP(G27,$AK$7:$AM$14,3,0),IF($E$19=120,VLOOKUP(G27,$AH$7:$AJ$15,3,0),0)),0) -> 0 | K27: =+IFERROR((I27-J27)*100,"-") -> 1.0752688 | T27: 3 | U27: CHALPA | V27: =VLOOKUP($U27,'ENE 26'!$C$14:$C$104,1,0) -> #N/A | W27: =VLOOKUP($U27,'FEB 26'!$C$14:$C$100,1,0) -> #N/A | X27: =VLOOKUP($U27,'MAR 26'!$C$14:$C$101,1,0) -> #N/A | Y27: =VLOOKUP($U27,'ABR 26'!$C$14:$C$101,1,0) -> #N/A | Z27: =VLOOKUP($U27,'MAY 26'!$C$14:$C$100,1,0) -> #N/A | AA27: =VLOOKUP($U27,'JUN 26'!$C$14:$C$103,1,0) -> #N/A | AB27: =COUNTIF(V27:AA27,U27) -> 0 | AC27: =IF(AB27>0,"SI","NO") -> NO | AD27: =IF(AC27="SI",1,0) -> 0 | AH27: Total general | AI27: =+SUM(AI22:AI26) -> #REF! | AJ27: =+AI27/$AI$27 -> #REF! | AK27: Total general | AL27: =+SUM(AL22:AL26) -> #REF! | AM27: =+AL27/$AL$27 -> #REF!
G28: TOTAL | H28: =+SUM(H21:H27) -> 93 | I28: =+SUM(I21:I27) -> 1 | T28: 4 | U28: FAST | V28: =VLOOKUP($U28,'ENE 26'!$C$14:$C$104,1,0) -> #N/A | W28: =VLOOKUP($U28,'FEB 26'!$C$14:$C$100,1,0) -> #N/A | X28: =VLOOKUP($U28,'MAR 26'!$C$14:$C$101,1,0) -> #N/A | Y28: =VLOOKUP($U28,'ABR 26'!$C$14:$C$101,1,0) -> #N/A | Z28: =VLOOKUP($U28,'MAY 26'!$C$14:$C$100,1,0) -> #N/A | AA28: =VLOOKUP($U28,'JUN 26'!$C$14:$C$103,1,0) -> #N/A | AB28: =COUNTIF(V28:AA28,U28) -> 0 | AC28: =IF(AB28>0,"SI","NO") -> NO | AD28: =IF(AC28="SI",1,0) -> 0
T29: 5 | U29: SPLIT | V29: =VLOOKUP($U29,'ENE 26'!$C$14:$C$104,1,0) -> #N/A | W29: =VLOOKUP($U29,'FEB 26'!$C$14:$C$100,1,0) -> #N/A | X29: =VLOOKUP($U29,'MAR 26'!$C$14:$C$101,1,0) -> #N/A | Y29: =VLOOKUP($U29,'ABR 26'!$C$14:$C$101,1,0) -> #N/A | Z29: =VLOOKUP($U29,'MAY 26'!$C$14:$C$100,1,0) -> #N/A | AA29: =VLOOKUP($U29,'JUN 26'!$C$14:$C$103,1,0) -> #N/A | AB29: =COUNTIF(V29:AA29,U29) -> 0 | AC29: =IF(AB29>0,"SI","NO") -> NO | AD29: =IF(AC29="SI",1,0) -> 0
T30: 6 | U30: WIND IV | V30: =VLOOKUP($U30,'ENE 26'!$C$14:$C$104,1,0) -> #N/A | W30: =VLOOKUP($U30,'FEB 26'!$C$14:$C$100,1,0) -> #N/A | X30: =VLOOKUP($U30,'MAR 26'!$C$14:$C$101,1,0) -> #N/A | Y30: =VLOOKUP($U30,'ABR 26'!$C$14:$C$101,1,0) -> #N/A | Z30: =VLOOKUP($U30,'MAY 26'!$C$14:$C$100,1,0) -> #N/A | AA30: =VLOOKUP($U30,'JUN 26'!$C$14:$C$103,1,0) -> #N/A | AB30: =COUNTIF(V30:AA30,U30) -> 0 | AC30: =IF(AB30>0,"SI","NO") -> NO | AD30: =IF(AC30="SI",1,0) -> 0
B31: FOCO | T31: 7 | U31: SQUAT | V31: =VLOOKUP($U31,'ENE 26'!$C$14:$C$104,1,0) -> #N/A | W31: =VLOOKUP($U31,'FEB 26'!$C$14:$C$100,1,0) -> #N/A | X31: =VLOOKUP($U31,'MAR 26'!$C$14:$C$101,1,0) -> #N/A | Y31: =VLOOKUP($U31,'ABR 26'!$C$14:$C$101,1,0) -> #N/A | Z31: =VLOOKUP($U31,'MAY 26'!$C$14:$C$100,1,0) -> #N/A | AA31: =VLOOKUP($U31,'JUN 26'!$C$14:$C$103,1,0) -> #N/A | AB31: =COUNTIF(V31:AA31,U31) -> 0 | AC31: =IF(AB31>0,"SI","NO") -> NO | AD31: =IF(AC31="SI",1,0) -> 0
B32: Gen. Unif | C32: Categoría | E32: Modelo | F32: VOL | T32: 8 | U32: LISS | V32: =VLOOKUP($U32,'ENE 26'!$C$14:$C$104,1,0) -> #N/A | W32: =VLOOKUP($U32,'FEB 26'!$C$14:$C$100,1,0) -> #N/A | X32: =VLOOKUP($U32,'MAR 26'!$C$14:$C$101,1,0) -> #N/A | Y32: =VLOOKUP($U32,'ABR 26'!$C$14:$C$101,1,0) -> #N/A | Z32: =VLOOKUP($U32,'MAY 26'!$C$14:$C$100,1,0) -> #N/A | AA32: =VLOOKUP($U32,'JUN 26'!$C$14:$C$103,1,0) -> #N/A | AB32: =COUNTIF(V32:AA32,U32) -> 0 | AC32: =IF(AB32>0,"SI","NO") -> NO | AD32: =IF(AC32="SI",1,0) -> 0
B33: Adulto | C33: Casual | E33: X FORCER III | F33: =+SUMIF('ENE 26'!$C$14:$C$111,'RESUMEN CATEGORIAS'!E33,'ENE 26'!$AM$14:$AM$111)+SUMIF('FEB 26'!$C$14:$C$101,'RESUMEN CATEGORIAS'!E33,'FEB 26'!$AM$14:$AM$101)+SUMIF('MAR 26'!$C$14:$C$101,'RESUMEN CATEGORIAS'!E33,'FEB 26'!$AM$14:$AM$101)+SUMIF('ABR 26'!$C$14:$C$101,'RESUMEN CATEGORIAS'!E33,'ABR 26'!$AM$14:$AM$101)+SUMIF('MAY 26'!$C$14:$C$100,'RESUMEN CATEGORIAS'!E33,'MAY 26'!$AM$14:$AM$100)+SUMIF('JUN 26'!$C$14:$C$103,'RESUMEN CATEGORIAS'!E33,'JUN 26'!$AM$14:$AM$103) -> 0
B34: Adulto | C34: Casual | E34: SEGOVIA | F34: =+SUMIF('ENE 26'!$C$14:$C$111,'RESUMEN CATEGORIAS'!E34,'ENE 26'!$AM$14:$AM$111)+SUMIF('FEB 26'!$C$14:$C$101,'RESUMEN CATEGORIAS'!E34,'FEB 26'!$AM$14:$AM$101)+SUMIF('MAR 26'!$C$14:$C$101,'RESUMEN CATEGORIAS'!E34,'FEB 26'!$AM$14:$AM$101)+SUMIF('ABR 26'!$C$14:$C$101,'RESUMEN CATEGORIAS'!E34,'ABR 26'!$AM$14:$AM$101)+SUMIF('MAY 26'!$C$14:$C$100,'RESUMEN CATEGORIAS'!E34,'MAY 26'!$AM$14:$AM$100)+SUMIF('JUN 26'!$C$14:$C$103,'RESUMEN CATEGORIAS'!E34,'JUN 26'!$AM$14:$AM$103) -> 0
B35: Adulto | C35: Casual | E35: TERRE | F35: =+SUMIF('ENE 26'!$C$14:$C$111,'RESUMEN CATEGORIAS'!E35,'ENE 26'!$AM$14:$AM$111)+SUMIF('FEB 26'!$C$14:$C$101,'RESUMEN CATEGORIAS'!E35,'FEB 26'!$AM$14:$AM$101)+SUMIF('MAR 26'!$C$14:$C$101,'RESUMEN CATEGORIAS'!E35,'FEB 26'!$AM$14:$AM$101)+SUMIF('ABR 26'!$C$14:$C$101,'RESUMEN CATEGORIAS'!E35,'ABR 26'!$AM$14:$AM$101)+SUMIF('MAY 26'!$C$14:$C$100,'RESUMEN CATEGORIAS'!E35,'MAY 26'!$AM$14:$AM$100)+SUMIF('JUN 26'!$C$14:$C$103,'RESUMEN CATEGORIAS'!E35,'JUN 26'!$AM$14:$AM$103) -> 0
B36: Adulto | C36: Casual | E36: LEROI | F36: =+SUMIF('ENE 26'!$C$14:$C$111,'RESUMEN CATEGORIAS'!E36,'ENE 26'!$AM$14:$AM$111)+SUMIF('FEB 26'!$C$14:$C$101,'RESUMEN CATEGORIAS'!E36,'FEB 26'!$AM$14:$AM$101)+SUMIF('MAR 26'!$C$14:$C$101,'RESUMEN CATEGORIAS'!E36,'FEB 26'!$AM$14:$AM$101)+SUMIF('ABR 26'!$C$14:$C$101,'RESUMEN CATEGORIAS'!E36,'ABR 26'!$AM$14:$AM$101)+SUMIF('MAY 26'!$C$14:$C$100,'RESUMEN CATEGORIAS'!E36,'MAY 26'!$AM$14:$AM$100)+SUMIF('JUN 26'!$C$14:$C$103,'RESUMEN CATEGORIAS'!E36,'JUN 26'!$AM$14:$AM$103) -> 0
B37: Adulto | C37: Casual | E37: SENY | F37: =+SUMIF('ENE 26'!$C$14:$C$111,'RESUMEN CATEGORIAS'!E37,'ENE 26'!$AM$14:$AM$111)+SUMIF('FEB 26'!$C$14:$C$101,'RESUMEN CATEGORIAS'!E37,'FEB 26'!$AM$14:$AM$101)+SUMIF('MAR 26'!$C$14:$C$101,'RESUMEN CATEGORIAS'!E37,'FEB 26'!$AM$14:$AM$101)+SUMIF('ABR 26'!$C$14:$C$101,'RESUMEN CATEGORIAS'!E37,'ABR 26'!$AM$14:$AM$101)+SUMIF('MAY 26'!$C$14:$C$100,'RESUMEN CATEGORIAS'!E37,'MAY 26'!$AM$14:$AM$100)+SUMIF('JUN 26'!$C$14:$C$103,'RESUMEN CATEGORIAS'!E37,'JUN 26'!$AM$14:$AM$103) -> 36
B38: Adulto | C38: Casual | E38: T-850 | F38: =+SUMIF('ENE 26'!$C$14:$C$111,'RESUMEN CATEGORIAS'!E38,'ENE 26'!$AM$14:$AM$111)+SUMIF('FEB 26'!$C$14:$C$101,'RESUMEN CATEGORIAS'!E38,'FEB 26'!$AM$14:$AM$101)+SUMIF('MAR 26'!$C$14:$C$101,'RESUMEN CATEGORIAS'!E38,'FEB 26'!$AM$14:$AM$101)+SUMIF('ABR 26'!$C$14:$C$101,'RESUMEN CATEGORIAS'!E38,'ABR 26'!$AM$14:$AM$101)+SUMIF('MAY 26'!$C$14:$C$100,'RESUMEN CATEGORIAS'!E38,'MAY 26'!$AM$14:$AM$100)+SUMIF('JUN 26'!$C$14:$C$103,'RESUMEN CATEGORIAS'!E38,'JUN 26'!$AM$14:$AM$103) -> 0
B39: Adulto | C39: Casual | E39: FEINT | F39: =+SUMIF('ENE 26'!$C$14:$C$111,'RESUMEN CATEGORIAS'!E39,'ENE 26'!$AM$14:$AM$111)+SUMIF('FEB 26'!$C$14:$C$101,'RESUMEN CATEGORIAS'!E39,'FEB 26'!$AM$14:$AM$101)+SUMIF('MAR 26'!$C$14:$C$101,'RESUMEN CATEGORIAS'!E39,'FEB 26'!$AM$14:$AM$101)+SUMIF('ABR 26'!$C$14:$C$101,'RESUMEN CATEGORIAS'!E39,'ABR 26'!$AM$14:$AM$101)+SUMIF('MAY 26'!$C$14:$C$100,'RESUMEN CATEGORIAS'!E39,'MAY 26'!$AM$14:$AM$100)+SUMIF('JUN 26'!$C$14:$C$103,'RESUMEN CATEGORIAS'!E39,'JUN 26'!$AM$14:$AM$103) -> 0
B40: Adulto | C40: Running+Training | E40: STRONG PACE 4 | F40: =+SUMIF('ENE 26'!$C$14:$C$111,'RESUMEN CATEGORIAS'!E40,'ENE 26'!$AM$14:$AM$111)+SUMIF('FEB 26'!$C$14:$C$101,'RESUMEN CATEGORIAS'!E40,'FEB 26'!$AM$14:$AM$101)+SUMIF('MAR 26'!$C$14:$C$101,'RESUMEN CATEGORIAS'!E40,'FEB 26'!$AM$14:$AM$101)+SUMIF('ABR 26'!$C$14:$C$101,'RESUMEN CATEGORIAS'!E40,'ABR 26'!$AM$14:$AM$101)+SUMIF('MAY 26'!$C$14:$C$100,'RESUMEN CATEGORIAS'!E40,'MAY 26'!$AM$14:$AM$100)+SUMIF('JUN 26'!$C$14:$C$103,'RESUMEN CATEGORIAS'!E40,'JUN 26'!$AM$14:$AM$103) -> 146
B41: Adulto | C41: Running+Training | E41: SQUAT II | F41: =+SUMIF('ENE 26'!$C$14:$C$111,'RESUMEN CATEGORIAS'!E41,'ENE 26'!$AM$14:$AM$111)+SUMIF('FEB 26'!$C$14:$C$101,'RESUMEN CATEGORIAS'!E41,'FEB 26'!$AM$14:$AM$101)+SUMIF('MAR 26'!$C$14:$C$101,'RESUMEN CATEGORIAS'!E41,'FEB 26'!$AM$14:$AM$101)+SUMIF('ABR 26'!$C$14:$C$101,'RESUMEN CATEGORIAS'!E41,'ABR 26'!$AM$14:$AM$101)+SUMIF('MAY 26'!$C$14:$C$100,'RESUMEN CATEGORIAS'!E41,'MAY 26'!$AM$14:$AM$100)+SUMIF('JUN 26'!$C$14:$C$103,'RESUMEN CATEGORIAS'!E41,'JUN 26'!$AM$14:$AM$103) -> 104
B42: Adulto | C42: Running+Training | E42: STANCE 3 | F42: =+SUMIF('ENE 26'!$C$14:$C$111,'RESUMEN CATEGORIAS'!E42,'ENE 26'!$AM$14:$AM$111)+SUMIF('FEB 26'!$C$14:$C$101,'RESUMEN CATEGORIAS'!E42,'FEB 26'!$AM$14:$AM$101)+SUMIF('MAR 26'!$C$14:$C$101,'RESUMEN CATEGORIAS'!E42,'FEB 26'!$AM$14:$AM$101)+SUMIF('ABR 26'!$C$14:$C$101,'RESUMEN CATEGORIAS'!E42,'ABR 26'!$AM$14:$AM$101)+SUMIF('MAY 26'!$C$14:$C$100,'RESUMEN CATEGORIAS'!E42,'MAY 26'!$AM$14:$AM$100)+SUMIF('JUN 26'!$C$14:$C$103,'RESUMEN CATEGORIAS'!E42,'JUN 26'!$AM$14:$AM$103) -> 30
B43: Adulto | C43: Running+Training | E43: WIND 5 | F43: =+SUMIF('ENE 26'!$C$14:$C$111,'RESUMEN CATEGORIAS'!E43,'ENE 26'!$AM$14:$AM$111)+SUMIF('FEB 26'!$C$14:$C$101,'RESUMEN CATEGORIAS'!E43,'FEB 26'!$AM$14:$AM$101)+SUMIF('MAR 26'!$C$14:$C$101,'RESUMEN CATEGORIAS'!E43,'FEB 26'!$AM$14:$AM$101)+SUMIF('ABR 26'!$C$14:$C$101,'RESUMEN CATEGORIAS'!E43,'ABR 26'!$AM$14:$AM$101)+SUMIF('MAY 26'!$C$14:$C$100,'RESUMEN CATEGORIAS'!E43,'MAY 26'!$AM$14:$AM$100)+SUMIF('JUN 26'!$C$14:$C$103,'RESUMEN CATEGORIAS'!E43,'JUN 26'!$AM$14:$AM$103) -> 90
B44: Adulto | C44: Running+Training | E44: KALYAN | F44: =+SUMIF('ENE 26'!$C$14:$C$111,'RESUMEN CATEGORIAS'!E44,'ENE 26'!$AM$14:$AM$111)+SUMIF('FEB 26'!$C$14:$C$101,'RESUMEN CATEGORIAS'!E44,'FEB 26'!$AM$14:$AM$101)+SUMIF('MAR 26'!$C$14:$C$101,'RESUMEN CATEGORIAS'!E44,'FEB 26'!$AM$14:$AM$101)+SUMIF('ABR 26'!$C$14:$C$101,'RESUMEN CATEGORIAS'!E44,'ABR 26'!$AM$14:$AM$101)+SUMIF('MAY 26'!$C$14:$C$100,'RESUMEN CATEGORIAS'!E44,'MAY 26'!$AM$14:$AM$100)+SUMIF('JUN 26'!$C$14:$C$103,'RESUMEN CATEGORIAS'!E44,'JUN 26'!$AM$14:$AM$103) -> 118
... B59: Kids | C59: Kids | E59: SAN CIRO V TF KIDS | F59: =+SUMIF('ENE 26'!$C$14:$C$111,'RESUMEN CATEGORIAS'!E59,'ENE 26'!$AM$14:$AM$111)+SUMIF('FEB 26'!$C$14:$C$101,'RESUMEN CATEGORIAS'!E59,'FEB 26'!$AM$14:$AM$101)+SUMIF('MAR 26'!$C$14:$C$101,'RESUMEN CATEGORIAS'!E59,'FEB 26'!$AM$14:$AM$101)+SUMIF('ABR 26'!$C$14:$C$101,'RESUMEN CATEGORIAS'!E59,'ABR 26'!$AM$14:$AM$101)+SUMIF('MAY 26'!$C$14:$C$100,'RESUMEN CATEGORIAS'!E59,'MAY 26'!$AM$14:$AM$100)+SUMIF('JUN 26'!$C$14:$C$103,'RESUMEN CATEGORIAS'!E59,'JUN 26'!$AM$14:$AM$103) -> 0

Sheet ENE 26
C1: NOTA DE PEDIDO - 1° SEMESTRE 2026 (Enero - Junio)
C3: Clase | D3: ZPR
C5: Razon Social | D5: =+IF(D7="","",(VLOOKUP(D7,AUX!$A$1:$B$5610,2,FALSE)))
C7: N° Cliente | I7: TOTALES
D9: =+AUX!J3 -> ENE 2026 | I9: Pares | J9: =+AM9 -> 302 | L9: $ | M9: =+AM9 -> 302 | AM9: =SUM(AM14:AM104) -> 302 | AO9: =SUM(AO14:AO104) -> 10926096
H11: NRO | J11: MES | L11: 200 | M11: 210 | N11: 220 | O11: 230 | P11: 240 | Q11: 250 | R11: 260 | S11: 270 | T11: 280 | U11: 290 | V11: 300 | W11: 310 | X11: 320 | Y11: 330 | Z11: 340 | AA11: 350 | AB11: 360 | AC11: 370 | AD11: 380 | AE11: 390 | AF11: 400 | AG11: 410 | AH11: 420 | AI11: 430 | AJ11: 440 | AK11: 450 | AL11: 460 | AM11: CANT | AN11: Precio | AO11: $
H12: ARTICULO | J12: LANZAMIENTO | AM12: TOTAL | AN12: Lista | AO12: TOTAL | XEO12: =+SUM(XEO14:XEO104) -> 64 | XEP12: =+SUM(XEP14:XEP104) -> 0 | XEQ12: =+SUM(XEQ14:XEQ104) -> 0 | XER12: =+SUM(XER14:XER104) -> 66
A13: GENERO | C13: MODELO | D13: COLOR | E13: DISPONIBILIDAD | F13: TALLES | G13: PVP | AP13: CATEGORIA | AQ13: MIX CALZ | XEO13: CASUAL | XEP13: RUN/TRA | XEQ13: MULTI | XER13: KIDS
A14: =IF($I14>0,VLOOKUP(I14,'Lista de Precios'!$A$3:$L$2883,9,0),0) -> Hombre | B14: =IF($I14>0,VLOOKUP(I14,'Lista de Precios'!$A$3:$H$2883,7,0),0) -> CONT | C14: =IF($I14>0,VLOOKUP(I14,'Lista de Precios'!$A$3:$H$2883,2,0),"") -> FAST 2.0 | D14: =IF($I14>0,VLOOKUP(I14,'Lista de Precios'!$A$3:$H$2883,3,0),"") -> NEGRO/GRIS MAGNET/BLANCO | E14: =IF($I14>0,VLOOKUP(I14,'Lista de Precios'!$A$3:$H$2883,6,0),"") -> ENERO | F14: =IF($I14>0,VLOOKUP(I14,'Lista de Precios'!$A$3:$H$2883,8,0),"") -> 35 AL 46 | G14: =IF(AN14="","",AN14*1.87) -> 74900 | H14: 0 | I14: 25860 | J14: =+E14 -> ENERO | AF14: 4 | AG14: 6 | AH14: 4 | AI14: 4 | AK14: 2 | AL14: 2 | AM14: =+IF(I14>0,SUM(L14:AL14),0) -> 22 | AN14: =+IF($I14>0,VLOOKUP($I14,'Lista de Precios'!$A$3:$H$2883,4,0),"") -> 40053.476 | AO14: =+IF(AM14>0,AN14*AM14,"") -> 881176.47 | AP14: =IF($I14>0,VLOOKUP($I14,'Lista de Precios'!$A$3:$K$2883,10,0),"") -> Running | AQ14: =IF($I14>0,VLOOKUP($I14,'Lista de Precios'!$A$3:$M$49893,13,0),"") -> Running+Training | XEO14: =+IF($AQ14=$XEO$13,$AM14,"") | XEP14: =+IF($AQ14=$XEP$13,$AM14,"") | XEQ14: =+IF($AQ14=$XEQ$13,$AM14,"") | XER14: =+IF($AQ14=$XER$13,$AM14,"")
A15: =IF($I15>0,VLOOKUP(I15,'Lista de Precios'!$A$3:$L$2883,9,0),0) -> Hombre | B15: =IF($I15>0,VLOOKUP(I15,'Lista de Precios'!$A$3:$H$2883,7,0),0) -> CONT | C15: =IF($I15>0,VLOOKUP(I15,'Lista de Precios'!$A$3:$H$2883,2,0),"") -> WIND 5 | D15: =IF($I15>0,VLOOKUP(I15,'Lista de Precios'!$A$3:$H$2883,3,0),"") -> NEGRO/GRIS | E15: =IF($I15>0,VLOOKUP(I15,'Lista de Precios'!$A$3:$H$2883,6,0),"") -> ENERO | F15: =IF($I15>0,VLOOKUP(I15,'Lista de Precios'!$A$3:$H$2883,8,0),"") -> 35 AL 45 | G15: =IF(AN15="","",AN15*1.87) -> 68900 | H15: 0 | I15: 25787 | J15: =+E15 -> ENERO | AA15: 2 | AB15: 4 | AC15: 6 | AD15: 8 | AE15: 8 | AF15: 6 | AK15: 2 | AL15: 2 | AM15: =+IF(I15>0,SUM(L15:AL15),0) -> 38 | AN15: =+IF($I15>0,VLOOKUP($I15,'Lista de Precios'!$A$3:$H$2883,4,0),"") -> 36844.92 | AO15: =+IF(AM15>0,AN15*AM15,"") -> 1400107 | AP15: =IF($I15>0,VLOOKUP($I15,'Lista de Precios'!$A$3:$K$2883,10,0),"") -> Running | AQ15: =IF($I15>0,VLOOKUP($I15,'Lista de Precios'!$A$3:$M$49893,13,0),"") -> Running+Training | XEO15: =+IF($AQ15=$XEO$13,$AM15,"") | XEP15: =+IF($AQ15=$XEP$13,$AM15,"") | XEQ15: =+IF($AQ15=$XEQ$13,$AM15,"") | XER15: =+IF($AQ15=$XER$13,$AM15,"")
A16: =IF($I16>0,VLOOKUP(I16,'Lista de Precios'!$A$3:$L$2883,9,0),0) -> Hombre | B16: =IF($I16>0,VLOOKUP(I16,'Lista de Precios'!$A$3:$H$2883,7,0),0) -> CONT | C16: =IF($I16>0,VLOOKUP(I16,'Lista de Precios'!$A$3:$H$2883,2,0),"") -> WIND 5 | D16: =IF($I16>0,VLOOKUP(I16,'Lista de Precios'!$A$3:$H$2883,3,0),"") -> AZUL PAG/BLANCO | E16: =IF($I16>0,VLOOKUP(I16,'Lista de Precios'!$A$3:$H$2883,6,0),"") -> ENERO | F16: =IF($I16>0,VLOOKUP(I16,'Lista de Precios'!$A$3:$H$2883,8,0),"") -> 35 AL 45 | G16: =IF(AN16="","",AN16*1.87) -> 68900 | H16: 0 | I16: 26445 | J16: =+E16 -> ENERO | AC16: 2 | AD16: 4 | AE16: 6 | AF16: 4 | AG16: 6 | AM16: =+IF(I16>0,SUM(L16:AL16),0) -> 22 | AN16: =+IF($I16>0,VLOOKUP($I16,'Lista de Precios'!$A$3:$H$2883,4,0),"") -> 36844.92 | AO16: =+IF(AM16>0,AN16*AM16,"") -> 810588.24 | AP16: =IF($I16>0,VLOOKUP($I16,'Lista de Precios'!$A$3:$K$2883,10,0),"") -> Running | AQ16: =IF($I16>0,VLOOKUP($I16,'Lista de Precios'!$A$3:$M$49893,13,0),"") -> Running+Training | XEO16: =+IF($AQ16=$XEO$13,$AM16,"") | XEP16: =+IF($AQ16=$XEP$13,$AM16,"") | XEQ16: =+IF($AQ16=$XEQ$13,$AM16,"") | XER16: =+IF($AQ16=$XER$13,$AM16,"")
A17: =IF($I17>0,VLOOKUP(I17,'Lista de Precios'!$A$3:$L$2883,9,0),0) -> Mujer | B17: =IF($I17>0,VLOOKUP(I17,'Lista de Precios'!$A$3:$H$2883,7,0),0) -> CONT | C17: =IF($I17>0,VLOOKUP(I17,'Lista de Precios'!$A$3:$H$2883,2,0),"") -> SENDAI | D17: =IF($I17>0,VLOOKUP(I17,'Lista de Precios'!$A$3:$H$2883,3,0),"") -> GRIS MAGNET/NEGRO/ROSA PEAC | E17: =IF($I17>0,VLOOKUP(I17,'Lista de Precios'!$A$3:$H$2883,6,0),"") -> ENERO | F17: =IF($I17>0,VLOOKUP(I17,'Lista de Precios'!$A$3:$H$2883,8,0),"") -> 35 AL 40 | G17: =IF(AN17="","",AN17*1.87) -> 73900 | H17: 0 | I17: 26903 | J17: =+E17 -> ENERO | AB17: 4 | AC17: 8 | AD17: 12 | AE17: 12 | AF17: 8 | AM17: =+IF(I17>0,SUM(L17:AL17),0) -> 44 | AN17: =+IF($I17>0,VLOOKUP($I17,'Lista de Precios'!$A$3:$H$2883,4,0),"") -> 39518.717 | AO17: =+IF(AM17>0,AN17*AM17,"") -> 1738823.5 | AP17: =IF($I17>0,VLOOKUP($I17,'Lista de Precios'!$A$3:$K$2883,10,0),"") -> Casual | AQ17: =IF($I17>0,VLOOKUP($I17,'Lista de Precios'!$A$3:$M$49893,13,0),"") -> Casual | XEO17: =+IF($AQ17=$XEO$13,$AM17,"") -> 44 | XEP17: =+IF($AQ17=$XEP$13,$AM17,"") | XEQ17: =+IF($AQ17=$XEQ$13,$AM17,"") | XER17: =+IF($AQ17=$XER$13,$AM17,"")
A18: =IF($I18>0,VLOOKUP(I18,'Lista de Precios'!$A$3:$L$2883,9,0),0) -> Unisex | B18: =IF($I18>0,VLOOKUP(I18,'Lista de Precios'!$A$3:$H$2883,7,0),0) -> CONT | C18: =IF($I18>0,VLOOKUP(I18,'Lista de Precios'!$A$3:$H$2883,2,0),"") -> SENDAI | D18: =IF($I18>0,VLOOKUP(I18,'Lista de Precios'!$A$3:$H$2883,3,0),"") -> MORN/ETHEREA | E18: =IF($I18>0,VLOOKUP(I18,'Lista de Precios'!$A$3:$H$2883,6,0),"") -> ENERO | F18: =IF($I18>0,VLOOKUP(I18,'Lista de Precios'!$A$3:$H$2883,8,0),"") -> 35 AL 45 | G18: =IF(AN18="","",AN18*1.87) -> 73900 | H18: 0 | I18: 26902 | J18: =+E18 -> ENERO | AC18: 4 | AD18: 6 | AE18: 4 | AF18: 6 | AM18: =+IF(I18>0,SUM(L18:AL18),0) -> 20 | AN18: =+IF($I18>0,VLOOKUP($I18,'Lista de Precios'!$A$3:$H$2883,4,0),"") -> 39518.717 | AO18: =+IF(AM18>0,AN18*AM18,"") -> 790374.33 | AP18: =IF($I18>0,VLOOKUP($I18,'Lista de Precios'!$A$3:$K$2883,10,0),"") -> Casual | AQ18: =IF($I18>0,VLOOKUP($I18,'Lista de Precios'!$A$3:$M$49893,13,0),"") -> Casual | XEO18: =+IF($AQ18=$XEO$13,$AM18,"") -> 20 | XEP18: =+IF($AQ18=$XEP$13,$AM18,"") | XEQ18: =+IF($AQ18=$XEQ$13,$AM18,"") | XER18: =+IF($AQ18=$XER$13,$AM18,"")
A19: =IF($I19>0,VLOOKUP(I19,'Lista de Precios'!$A$3:$L$2883,9,0),0) -> Kids | B19: =IF($I19>0,VLOOKUP(I19,'Lista de Precios'!$A$3:$H$2883,7,0),0) -> CONT | C19: =IF($I19>0,VLOOKUP(I19,'Lista de Precios'!$A$3:$H$2883,2,0),"") -> ITEN KIDS | D19: =IF($I19>0,VLOOKUP(I19,'Lista de Precios'!$A$3:$H$2883,3,0),"") -> NEGRO / VERDE WAVE | E19: =IF($I19>0,VLOOKUP(I19,'Lista de Precios'!$A$3:$H$2883,6,0),"") -> ENERO | F19: =IF($I19>0,VLOOKUP(I19,'Lista de Precios'!$A$3:$H$2883,8,0),"") -> 25 AL 34 | G19: =IF(AN19="","",AN19*1.87) -> 61900 | H19: 27342 | I19: 89578 | J19: =+E19 -> ENERO | Q19: 4 | R19: 4 | S19: 2 | T19: 4 | U19: 2 | V19: 4 | W19: 2 | X19: 2 | Y19: 2 | Z19: 2 | AM19: =+IF(I19>0,SUM(L19:AL19),0) -> 28 | AN19: =+IF($I19>0,VLOOKUP($I19,'Lista de Precios'!$A$3:$H$2883,4,0),"") -> 33101.604 | AO19: =+IF(AM19>0,AN19*AM19,"") -> 926844.92 | AP19: =IF($I19>0,VLOOKUP($I19,'Lista de Precios'!$A$3:$K$2883,10,0),"") -> Running | AQ19: =IF($I19>0,VLOOKUP($I19,'Lista de Precios'!$A$3:$M$49893,13,0),"") -> Kids | XEO19: =+IF($AQ19=$XEO$13,$AM19,"") | XEP19: =+IF($AQ19=$XEP$13,$AM19,"") | XEQ19: =+IF($AQ19=$XEQ$13,$AM19,"") | XER19: =+IF($AQ19=$XER$13,$AM19,"") -> 28
A20: =IF($I20>0,VLOOKUP(I20,'Lista de Precios'!$A$3:$L$2883,9,0),0) -> Kids | B20: =IF($I20>0,VLOOKUP(I20,'Lista de Precios'!$A$3:$H$2883,7,0),0) -> CONT | C20: =IF($I20>0,VLOOKUP(I20,'Lista de Precios'!$A$3:$H$2883,2,0),"") -> ZURICH III KIDS | D20: =IF($I20>0,VLOOKUP(I20,'Lista de Precios'!$A$3:$H$2883,3,0),"") -> NEGRO | E20: =IF($I20>0,VLOOKUP(I20,'Lista de Precios'!$A$3:$H$2883,6,0),"") -> ENERO | F20: =IF($I20>0,VLOOKUP(I20,'Lista de Precios'!$A$3:$H$2883,8,0),"") -> 25 AL 34 | G20: =IF(AN20="","",AN20*1.87) -> 52900 | H20: 0 | I20: 26320 | J20: =+E20 -> ENERO | R20: 4 | S20: 2 | T20: 6 | U20: 6 | V20: 6 | W20: 2 | X20: 4 | Y20: 4 | Z20: 4 | AM20: =+IF(I20>0,SUM(L20:AL20),0) -> 38 | AN20: =+IF($I20>0,VLOOKUP($I20,'Lista de Precios'!$A$3:$H$2883,4,0),"") -> 28288.77 | AO20: =+IF(AM20>0,AN20*AM20,"") -> 1074973.3 | AP20: =IF($I20>0,VLOOKUP($I20,'Lista de Precios'!$A$3:$K$2883,10,0),"") -> Running | AQ20: =IF($I20>0,VLOOKUP($I20,'Lista de Precios'!$A$3:$M$49893,13,0),"") -> Kids | XEO20: =+IF($AQ20=$XEO$13,$AM20,"") | XEP20: =+IF($AQ20=$XEP$13,$AM20,"") | XEQ20: =+IF($AQ20=$XEQ$13,$AM20,"") | XER20: =+IF($AQ20=$XER$13,$AM20,"") -> 38
A21: =IF($I21>0,VLOOKUP(I21,'Lista de Precios'!$A$3:$L$2883,9,0),0) -> 0 | B21: =IF($I21>0,VLOOKUP(I21,'Lista de Precios'!$A$3:$H$2883,7,0),0) -> 0 | C21: =IF($I21>0,VLOOKUP(I21,'Lista de Precios'!$A$3:$H$2883,2,0),"") | D21: =IF($I21>0,VLOOKUP(I21,'Lista de Precios'!$A$3:$H$2883,3,0),"") | E21: =IF($I21>0,VLOOKUP(I21,'Lista de Precios'!$A$3:$H$2883,6,0),"") | F21: =IF($I21>0,VLOOKUP(I21,'Lista de Precios'!$A$3:$H$2883,8,0),"") | G21: =IF(AN21="","",AN21*1.87) | H21: 0 | J21: =+E21 | AM21: =+IF(I21>0,SUM(L21:AL21),0) -> 0 | AN21: =+IF($I21>0,VLOOKUP($I21,'Lista de Precios'!$A$3:$H$2883,4,0),"") | AO21: =+IF(AM21>0,AN21*AM21,"") | AP21: =IF($I21>0,VLOOKUP($I21,'Lista de Precios'!$A$3:$K$2883,10,0),"") | AQ21: =IF($I21>0,VLOOKUP($I21,'Lista de Precios'!$A$3:$M$49893,13,0),"") | XEO21: =+IF($AQ21=$XEO$13,$AM21,"") | XEP21: =+IF($AQ21=$XEP$13,$AM21,"") | XEQ21: =+IF($AQ21=$XEQ$13,$AM21,"") | XER21: =+IF($AQ21=$XER$13,$AM21,"")
A22: =IF($I22>0,VLOOKUP(I22,'Lista de Precios'!$A$3:$L$2883,9,0),0) -> Hombre | B22: =IF($I22>0,VLOOKUP(I22,'Lista de Precios'!$A$3:$H$2883,7,0),0) -> CONT | C22: =IF($I22>0,VLOOKUP(I22,'Lista de Precios'!$A$3:$H$2883,2,0),"") -> DRIVE 2 | D22: =IF($I22>0,VLOOKUP(I22,'Lista de Precios'!$A$3:$H$2883,3,0),"") -> NEGRO/GRIS VANE | E22: =IF($I22>0,VLOOKUP(I22,'Lista de Precios'!$A$3:$H$2883,6,0),"") -> ENERO | F22: =IF($I22>0,VLOOKUP(I22,'Lista de Precios'!$A$3:$H$2883,8,0),"") -> 35 AL 45 | G22: =IF(AN22="","",AN22*1.87) -> 78900 | H22: 0 | I22: 26555 | J22: =+E22 -> ENERO | AA22: 2 | AB22: 2 | AM22: =+IF(I22>0,SUM(L22:AL22),0) -> 4 | AN22: =+IF($I22>0,VLOOKUP($I22,'Lista de Precios'!$A$3:$H$2883,4,0),"") -> 42192.513 | AO22: =+IF(AM22>0,AN22*AM22,"") -> 168770.05 | AP22: =IF($I22>0,VLOOKUP($I22,'Lista de Precios'!$A$3:$K$2883,10,0),"") -> Training | AQ22: =IF($I22>0,VLOOKUP($I22,'Lista de Precios'!$A$3:$M$49893,13,0),"") -> Running+Training | XEO22: =+IF($AQ22=$XEO$13,$AM22,"") | XEP22: =+IF($AQ22=$XEP$13,$AM22,"") | XEQ22: =+IF($AQ22=$XEQ$13,$AM22,"") | XER22: =+IF($AQ22=$XER$13,$AM22,"")
A23: =IF($I23>0,VLOOKUP(I23,'Lista de Precios'!$A$3:$L$2883,9,0),0) -> Mujer | B23: =IF($I23>0,VLOOKUP(I23,'Lista de Precios'!$A$3:$H$2883,7,0),0) -> CONT | C23: =IF($I23>0,VLOOKUP(I23,'Lista de Precios'!$A$3:$H$2883,2,0),"") -> DRIVE 2 | D23: =IF($I23>0,VLOOKUP(I23,'Lista de Precios'!$A$3:$H$2883,3,0),"") -> ROSA HUSH/ROSA SHAPE | E23: =IF($I23>0,VLOOKUP(I23,'Lista de Precios'!$A$3:$H$2883,6,0),"") -> ENERO | F23: =IF($I23>0,VLOOKUP(I23,'Lista de Precios'!$A$3:$H$2883,8,0),"") -> 35 AL 40 | G23: =IF(AN23="","",AN23*1.87) -> 78900 | H23: 0 | I23: 26448 | J23: =+E23 -> ENERO | AB23: 2 | AC23: 8 | AD23: 8 | AE23: 6 | AF23: 6 | AM23: =+IF(I23>0,SUM(L23:AL23),0) -> 30 | AN23: =+IF($I23>0,VLOOKUP($I23,'Lista de Precios'!$A$3:$H$2883,4,0),"") -> 42192.513 | AO23: =+IF(AM23>0,AN23*AM23,"") -> 1265775.4 | AP23: =IF($I23>0,VLOOKUP($I23,'Lista de Precios'!$A$3:$K$2883,10,0),"") -> Training | AQ23: =IF($I23>0,VLOOKUP($I23,'Lista de Precios'!$A$3:$M$49893,13,0),"") -> Running+Training | XEO23: =+IF($AQ23=$XEO$13,$AM23,"") | XEP23: =+IF($AQ23=$XEP$13,$AM23,"") | XEQ23: =+IF($AQ23=$XEQ$13,$AM23,"") | XER23: =+IF($AQ23=$XER$13,$AM23,"")
A24: =IF($I24>0,VLOOKUP(I24,'Lista de Precios'!$A$3:$L$2883,9,0),0) -> Hombre | B24: =IF($I24>0,VLOOKUP(I24,'Lista de Precios'!$A$3:$H$2883,7,0),0) -> CONT | C24: =IF($I24>0,VLOOKUP(I24,'Lista de Precios'!$A$3:$H$2883,2,0),"") -> STRONG PACE III | D24: =IF($I24>0,VLOOKUP(I24,'Lista de Precios'!$A$3:$H$2883,3,0),"") -> NEGRO/LIMA SPRING | E24: =IF($I24>0,VLOOKUP(I24,'Lista de Precios'!$A$3:$H$2883,6,0),"") -> ENERO | F24: =IF($I24>0,VLOOKUP(I24,'Lista de Precios'!$A$3:$H$2883,8,0),"") -> 35 AL 46 | G24: =IF(AN24="","",AN24*1.87) -> 62900 | H24: 0 | I24: 26205 | J24: =+E24 -> ENERO | AF24: 4 | AG24: 6 | AH24: 4 | AI24: 2 | AK24: 2 | AM24: =+IF(I24>0,SUM(L24:AL24),0) -> 18 | AN24: =+IF($I24>0,VLOOKUP($I24,'Lista de Precios'!$A$3:$H$2883,4,0),"") -> 33636.364 | AO24: =+IF(AM24>0,AN24*AM24,"") -> 605454.55 | AP24: =IF($I24>0,VLOOKUP($I24,'Lista de Precios'!$A$3:$K$2883,10,0),"") -> Training | AQ24: =IF($I24>0,VLOOKUP($I24,'Lista de Precios'!$A$3:$M$49893,13,0),"") -> Running+Training | XEO24: =+IF($AQ24=$XEO$13,$AM24,"") | XEP24: =+IF($AQ24=$XEP$13,$AM24,"") | XEQ24: =+IF($AQ24=$XEQ$13,$AM24,"") | XER24: =+IF($AQ24=$XER$13,$AM24,"")
A25: =IF($I25>0,VLOOKUP(I25,'Lista de Precios'!$A$3:$L$2883,9,0),0) -> Mujer | B25: =IF($I25>0,VLOOKUP(I25,'Lista de Precios'!$A$3:$H$2883,7,0),0) -> CONT | C25: =IF($I25>0,VLOOKUP(I25,'Lista de Precios'!$A$3:$H$2883,2,0),"") -> STRONG PACE III | D25: =IF($I25>0,VLOOKUP(I25,'Lista de Precios'!$A$3:$H$2883,3,0),"") -> GRIS CHIP/LILA LAV | E25: =IF($I25>0,VLOOKUP(I25,'Lista de Precios'!$A$3:$H$2883,6,0),"") -> ENERO | F25: =IF($I25>0,VLOOKUP(I25,'Lista de Precios'!$A$3:$H$2883,8,0),"") -> 35 AL 40 | G25: =IF(AN25="","",AN25*1.87) -> 62900 | H25: 0 | I25: 26221 | J25: =+E25 -> ENERO | AC25: 2 | AD25: 4 | AE25: 2 | AF25: 2 | AM25: =+IF(I25>0,SUM(L25:AL25),0) -> 10 | AN25: =+IF($I25>0,VLOOKUP($I25,'Lista de Precios'!$A$3:$H$2883,4,0),"") -> 33636.364 | AO25: =+IF(AM25>0,AN25*AM25,"") -> 336363.64 | AP25: =IF($I25>0,VLOOKUP($I25,'Lista de Precios'!$A$3:$K$2883,10,0),"") -> Training | AQ25: =IF($I25>0,VLOOKUP($I25,'Lista de Precios'!$A$3:$M$49893,13,0),"") -> Running+Training | XEO25: =+IF($AQ25=$XEO$13,$AM25,"") | XEP25: =+IF($AQ25=$XEP$13,$AM25,"") | XEQ25: =+IF($AQ25=$XEQ$13,$AM25,"") | XER25: =+IF($AQ25=$XER$13,$AM25,"")
A26: =IF($I26>0,VLOOKUP(I26,'Lista de Precios'!$A$3:$L$2883,9,0),0) -> 0 | B26: =IF($I26>0,VLOOKUP(I26,'Lista de Precios'!$A$3:$H$2883,7,0),0) -> 0 | C26: =IF($I26>0,VLOOKUP(I26,'Lista de Precios'!$A$3:$H$2883,2,0),"") | D26: =IF($I26>0,VLOOKUP(I26,'Lista de Precios'!$A$3:$H$2883,3,0),"") | E26: =IF($I26>0,VLOOKUP(I26,'Lista de Precios'!$A$3:$H$2883,6,0),"") | F26: =IF($I26>0,VLOOKUP(I26,'Lista de Precios'!$A$3:$H$2883,8,0),"") | G26: =IF(AN26="","",AN26*1.87) | H26: 0 | J26: =+E26 | AM26: =+IF(I26>0,SUM(L26:AL26),0) -> 0 | AN26: =+IF($I26>0,VLOOKUP($I26,'Lista de Precios'!$A$3:$H$2883,4,0),"") | AO26: =+IF(AM26>0,AN26*AM26,"") | AP26: =IF($I26>0,VLOOKUP($I26,'Lista de Precios'!$A$3:$K$2883,10,0),"") | AQ26: =IF($I26>0,VLOOKUP($I26,'Lista de Precios'!$A$3:$M$49893,13,0),"") | XEO26: =+IF($AQ26=$XEO$13,$AM26,"") | XEP26: =+IF($AQ26=$XEP$13,$AM26,"") | XEQ26: =+IF($AQ26=$XEQ$13,$AM26,"") | XER26: =+IF($AQ26=$XER$13,$AM26,"")
A27: =IF($I27>0,VLOOKUP(I27,'Lista de Precios'!$A$3:$L$2883,9,0),0) -> Hombre | B27: =IF($I27>0,VLOOKUP(I27,'Lista de Precios'!$A$3:$H$2883,7,0),0) -> CONT | C27: =IF($I27>0,VLOOKUP(I27,'Lista de Precios'!$A$3:$H$2883,2,0),"") -> SAN CIRO V FG | D27: =IF($I27>0,VLOOKUP(I27,'Lista de Precios'!$A$3:$H$2883,3,0),"") -> NEGRO | E27: =IF($I27>0,VLOOKUP(I27,'Lista de Precios'!$A$3:$H$2883,6,0),"") -> ENERO | F27: =IF($I27>0,VLOOKUP(I27,'Lista de Precios'!$A$3:$H$2883,8,0),"") -> 35 AL 46 | G27: =IF(AN27="","",AN27*1.87) -> 61900 | H27: 0 | I27: 25884 | J27: =+E27 -> ENERO | AD27: 4 | AH27: 4 | AM27: =+IF(I27>0,SUM(L27:AL27),0) -> 8 | AN27: =+IF($I27>0,VLOOKUP($I27,'Lista de Precios'!$A$3:$H$2883,4,0),"") -> 33101.604 | AO27: =+IF(AM27>0,AN27*AM27,"") -> 264812.83 | AP27: =IF($I27>0,VLOOKUP($I27,'Lista de Precios'!$A$3:$K$2883,10,0),"") -> Futbol | AQ27: =IF($I27>0,VLOOKUP($I27,'Lista de Precios'!$A$3:$M$49893,13,0),"") -> Multideporte | XEO27: =+IF($AQ27=$XEO$13,$AM27,"") | XEP27: =+IF($AQ27=$XEP$13,$AM27,"") | XEQ27: =+IF($AQ27=$XEQ$13,$AM27,"") | XER27: =+IF($AQ27=$XER$13,$AM27,"")
A28: =IF($I28>0,VLOOKUP(I28,'Lista de Precios'!$A$3:$L$2883,9,0),0) -> Hombre | B28: =IF($I28>0,VLOOKUP(I28,'Lista de Precios'!$A$3:$H$2883,7,0),0) -> CONT | C28: =IF($I28>0,VLOOKUP(I28,'Lista de Precios'!$A$3:$H$2883,2,0),"") -> SAN CIRO V TF | D28: =IF($I28>0,VLOOKUP(I28,'Lista de Precios'!$A$3:$H$2883,3,0),"") -> NEGRO | E28: =IF($I28>0,VLOOKUP(I28,'Lista de Precios'!$A$3:$H$2883,6,0),"") -> ENERO | F28: =IF($I28>0,VLOOKUP(I28,'Lista de Precios'!$A$3:$H$2883,8,0),"") -> 35 AL 46 | G28: =IF(AN28="","",AN28*1.87) -> 61900 | H28: 0 | I28: 25886 | J28: =+E28 -> ENERO | AG28: 4 | AH28: 6 | AI28: 2 | AN28: =+IF($I28>0,VLOOKUP($I28,'Lista de Precios'!$A$3:$H$2883,4,0),"") -> 33101.604 | AO28: =+IF(AM28>0,AN28*AM28,"") | AP28: =IF($I28>0,VLOOKUP($I28,'Lista de Precios'!$A$3:$K$2883,10,0),"") -> Futbol | AQ28: =IF($I28>0,VLOOKUP($I28,'Lista de Precios'!$A$3:$M$49893,13,0),"") -> Multideporte | XEO28: =+IF($AQ28=$XEO$13,$AM28,"") | XEP28: =+IF($AQ28=$XEP$13,$AM28,"") | XEQ28: =+IF($AQ28=$XEQ$13,$AM28,"") | XER28: =+IF($AQ28=$XER$13,$AM28,"")
A29: =IF($I29>0,VLOOKUP(I29,'Lista de Precios'!$A$3:$L$2883,9,0),0) -> Hombre | B29: =IF($I29>0,VLOOKUP(I29,'Lista de Precios'!$A$3:$H$2883,7,0),0) -> CONT | C29: =IF($I29>0,VLOOKUP(I29,'Lista de Precios'!$A$3:$H$2883,2,0),"") -> SAN CIRO V TF | D29: =IF($I29>0,VLOOKUP(I29,'Lista de Precios'!$A$3:$H$2883,3,0),"") -> BLANCO / NEGRO | E29: =IF($I29>0,VLOOKUP(I29,'Lista de Precios'!$A$3:$H$2883,6,0),"") -> ENERO | F29: =IF($I29>0,VLOOKUP(I29,'Lista de Precios'!$A$3:$H$2883,8,0),"") -> 35 AL 46 | G29: =IF(AN29="","",AN29*1.87) -> 61900 | H29: 0 | I29: 26459 | J29: =+E29 -> ENERO | AC29: 2 | AG29: 4 | AH29: 4 | AM29: =+IF(I29>0,SUM(L29:AL29),0) -> 10 | AN29: =+IF($I29>0,VLOOKUP($I29,'Lista de Precios'!$A$3:$H$2883,4,0),"") -> 33101.604 | AO29: =+IF(AM29>0,AN29*AM29,"") -> 331016.04 | AP29: =IF($I29>0,VLOOKUP($I29,'Lista de Precios'!$A$3:$K$2883,10,0),"") -> Futbol | AQ29: =IF($I29>0,VLOOKUP($I29,'Lista de Precios'!$A$3:$M$49893,13,0),"") -> Multideporte | XEO29: =+IF($AQ29=$XEO$13,$AM29,"") | XEP29: =+IF($AQ29=$XEP$13,$AM29,"") | XEQ29: =+IF($AQ29=$XEQ$13,$AM29,"") | XER29: =+IF($AQ29=$XER$13,$AM29,"")
A30: =IF($I30>0,VLOOKUP(I30,'Lista de Precios'!$A$3:$L$2883,9,0),0) -> Hombre | B30: =IF($I30>0,VLOOKUP(I30,'Lista de Precios'!$A$3:$H$2883,7,0),0) -> CONT | C30: =IF($I30>0,VLOOKUP(I30,'Lista de Precios'!$A$3:$H$2883,2,0),"") -> SAN CIRO V FG | D30: =IF($I30>0,VLOOKUP(I30,'Lista de Precios'!$A$3:$H$2883,3,0),"") -> BLANCO / NEGRO | E30: =IF($I30>0,VLOOKUP(I30,'Lista de Precios'!$A$3:$H$2883,6,0),"") -> ENERO | F30: =IF($I30>0,VLOOKUP(I30,'Lista de Precios'!$A$3:$H$2883,8,0),"") -> 35 AL 46 | G30: =IF(AN30="","",AN30*1.87) -> 61900 | H30: 0 | I30: 26458 | J30: =+E30 -> ENERO | AC30: 4 | AF30: 4 | AG30: 2 | AM30: =+IF(I30>0,SUM(L30:AL30),0) -> 10 | AN30: =+IF($I30>0,VLOOKUP($I30,'Lista de Precios'!$A$3:$H$2883,4,0),"") -> 33101.604 | AO30: =+IF(AM30>0,AN30*AM30,"") -> 331016.04 | AP30: =IF($I30>0,VLOOKUP($I30,'Lista de Precios'!$A$3:$K$2883,10,0),"") -> Futbol | AQ30: =IF($I30>0,VLOOKUP($I30,'Lista de Precios'!$A$3:$M$49893,13,0),"") -> Multideporte | XEO30: =+IF($AQ30=$XEO$13,$AM30,"") | XEP30: =+IF($AQ30=$XEP$13,$AM30,"") | XEQ30: =+IF($AQ30=$XEQ$13,$AM30,"") | XER30: =+IF($AQ30=$XER$13,$AM30,"")
A31: =IF($I31>0,VLOOKUP(I31,'Lista de Precios'!$A$3:$L$2883,9,0),0) -> 0 | B31: =IF($I31>0,VLOOKUP(I31,'Lista de Precios'!$A$3:$H$2883,7,0),0) -> 0 | C31: =IF($I31>0,VLOOKUP(I31,'Lista de Precios'!$A$3:$H$2883,2,0),"") | D31: =IF($I31>0,VLOOKUP(I31,'Lista de Precios'!$A$3:$H$2883,3,0),"") | E31: =IF($I31>0,VLOOKUP(I31,'Lista de Precios'!$A$3:$H$2883,6,0),"") | F31: =IF($I31>0,VLOOKUP(I31,'Lista de Precios'!$A$3:$H$2883,8,0),"") | G31: =IF(AN31="","",AN31*1.87) | H31: 0 | J31: =+E31 | AM31: =+IF(I31>0,SUM(L31:AL31),0) -> 0 | AN31: =+IF($I31>0,VLOOKUP($I31,'Lista de Precios'!$A$3:$H$2883,4,0),"") | AO31: =+IF(AM31>0,AN31*AM31,"") | AP31: =IF($I31>0,VLOOKUP($I31,'Lista de Precios'!$A$3:$K$2883,10,0),"") | AQ31: =IF($I31>0,VLOOKUP($I31,'Lista de Precios'!$A$3:$M$49893,13,0),"") | XEO31: =+IF($AQ31=$XEO$13,$AM31,"") | XEP31: =+IF($AQ31=$XEP$13,$AM31,"") | XEQ31: =+IF($AQ31=$XEQ$13,$AM31,"") | XER31: =+IF($AQ31=$XER$13,$AM31,"")
A32: =IF($I32>0,VLOOKUP(I32,'Lista de Precios'!$A$3:$L$2883,9,0),0) -> 0 | B32: =IF($I32>0,VLOOKUP(I32,'Lista de Precios'!$A$3:$H$2883,7,0),0) -> 0 | C32: =IF($I32>0,VLOOKUP(I32,'Lista de Precios'!$A$3:$H$2883,2,0),"") | D32: =IF($I32>0,VLOOKUP(I32,'Lista de Precios'!$A$3:$H$2883,3,0),"") | E32: =IF($I32>0,VLOOKUP(I32,'Lista de Precios'!$A$3:$H$2883,6,0),"") | F32: =IF($I32>0,VLOOKUP(I32,'Lista de Precios'!$A$3:$H$2883,8,0),"") | G32: =IF(AN32="","",AN32*1.87) | H32: 0 | J32: =+E32 | AM32: =+IF(I32>0,SUM(L32:AL32),0) -> 0 | AN32: =+IF($I32>0,VLOOKUP($I32,'Lista de Precios'!$A$3:$H$2883,4,0),"") | AO32: =+IF(AM32>0,AN32*AM32,"") | AP32: =IF($I32>0,VLOOKUP($I32,'Lista de Precios'!$A$3:$K$2883,10,0),"") | AQ32: =IF($I32>0,VLOOKUP($I32,'Lista de Precios'!$A$3:$M$49893,13,0),"") | XEO32: =+IF($AQ32=$XEO$13,$AM32,"") | XEP32: =+IF($AQ32=$XEP$13,$AM32,"") | XEQ32: =+IF($AQ32=$XEQ$13,$AM32,"") | XER32: =+IF($AQ32=$XER$13,$AM32,"")
A33: =IF($I33>0,VLOOKUP(I33,'Lista de Precios'!$A$3:$L$2883,9,0),0) -> 0 | B33: =IF($I33>0,VLOOKUP(I33,'Lista de Precios'!$A$3:$H$2883,7,0),0) -> 0 | C33: =IF($I33>0,VLOOKUP(I33,'Lista de Precios'!$A$3:$H$2883,2,0),"") | D33: =IF($I33>0,VLOOKUP(I33,'Lista de Precios'!$A$3:$H$2883,3,0),"") | E33: =IF($I33>0,VLOOKUP(I33,'Lista de Precios'!$A$3:$H$2883,6,0),"") | F33: =IF($I33>0,VLOOKUP(I33,'Lista de Precios'!$A$3:$H$2883,8,0),"") | G33: =IF(AN33="","",AN33*1.87) | H33: 0 | J33: =+E33 | AM33: =+IF(I33>0,SUM(L33:AL33),0) -> 0 | AN33: =+IF($I33>0,VLOOKUP($I33,'Lista de Precios'!$A$3:$H$2883,4,0),"") | AO33: =+IF(AM33>0,AN33*AM33,"") | AP33: =IF($I33>0,VLOOKUP($I33,'Lista de Precios'!$A$3:$K$2883,10,0),"") | AQ33: =IF($I33>0,VLOOKUP($I33,'Lista de Precios'!$A$3:$M$49893,13,0),"") | XEO33: =+IF($AQ33=$XEO$13,$AM33,"") | XEP33: =+IF($AQ33=$XEP$13,$AM33,"") | XEQ33: =+IF($AQ33=$XEQ$13,$AM33,"") | XER33: =+IF($AQ33=$XER$13,$AM33,"")
A34: =IF($I34>0,VLOOKUP(I34,'Lista de Precios'!$A$3:$L$2883,9,0),0) -> 0 | B34: =IF($I34>0,VLOOKUP(I34,'Lista de Precios'!$A$3:$H$2883,7,0),0) -> 0 | C34: =IF($I34>0,VLOOKUP(I34,'Lista de Precios'!$A$3:$H$2883,2,0),"") | D34: =IF($I34>0,VLOOKUP(I34,'Lista de Precios'!$A$3:$H$2883,3,0),"") | E34: =IF($I34>0,VLOOKUP(I34,'Lista de Precios'!$A$3:$H$2883,6,0),"") | F34: =IF($I34>0,VLOOKUP(I34,'Lista de Precios'!$A$3:$H$2883,8,0),"") | G34: =IF(AN34="","",AN34*1.87) | H34: 0 | J34: =+E34 | AM34: =+IF(I34>0,SUM(L34:AL34),0) -> 0 | AN34: =+IF($I34>0,VLOOKUP($I34,'Lista de Precios'!$A$3:$H$2883,4,0),"") | AO34: =+IF(AM34>0,AN34*AM34,"") | AP34: =IF($I34>0,VLOOKUP($I34,'Lista de Precios'!$A$3:$K$2883,10,0),"") | AQ34: =IF($I34>0,VLOOKUP($I34,'Lista de Precios'!$A$3:$M$49893,13,0),"") | XEO34: =+IF($AQ34=$XEO$13,$AM34,"") | XEP34: =+IF($AQ34=$XEP$13,$AM34,"") | XEQ34: =+IF($AQ34=$XEQ$13,$AM34,"") | XER34: =+IF($AQ34=$XER$13,$AM34,"")
A35: =IF($I35>0,VLOOKUP(I35,'Lista de Precios'!$A$3:$L$2883,9,0),0) -> 0 | B35: =IF($I35>0,VLOOKUP(I35,'Lista de Precios'!$A$3:$H$2883,7,0),0) -> 0 | C35: =IF($I35>0,VLOOKUP(I35,'Lista de Precios'!$A$3:$H$2883,2,0),"") | D35: =IF($I35>0,VLOOKUP(I35,'Lista de Precios'!$A$3:$H$2883,3,0),"") | E35: =IF($I35>0,VLOOKUP(I35,'Lista de Precios'!$A$3:$H$2883,6,0),"") | F35: =IF($I35>0,VLOOKUP(I35,'Lista de Precios'!$A$3:$H$2883,8,0),"") | G35: =IF(AN35="","",AN35*1.87) | H35: 0 | J35: =+E35 | AM35: =+IF(I35>0,SUM(L35:AL35),0) -> 0 | AN35: =+IF($I35>0,VLOOKUP($I35,'Lista de Precios'!$A$3:$H$2883,4,0),"") | AO35: =+IF(AM35>0,AN35*AM35,"") | AP35: =IF($I35>0,VLOOKUP($I35,'Lista de Precios'!$A$3:$K$2883,10,0),"") | AQ35: =IF($I35>0,VLOOKUP($I35,'Lista de Precios'!$A$3:$M$49893,13,0),"") | XEO35: =+IF($AQ35=$XEO$13,$AM35,"") | XEP35: =+IF($AQ35=$XEP$13,$AM35,"") | XEQ35: =+IF($AQ35=$XEQ$13,$AM35,"") | XER35: =+IF($AQ35=$XER$13,$AM35,"")
A36: =IF($I36>0,VLOOKUP(I36,'Lista de Precios'!$A$3:$L$2883,9,0),0) -> 0 | B36: =IF($I36>0,VLOOKUP(I36,'Lista de Precios'!$A$3:$H$2883,7,0),0) -> 0 | C36: =IF($I36>0,VLOOKUP(I36,'Lista de Precios'!$A$3:$H$2883,2,0),"") | D36: =IF($I36>0,VLOOKUP(I36,'Lista de Precios'!$A$3:$H$2883,3,0),"") | E36: =IF($I36>0,VLOOKUP(I36,'Lista de Precios'!$A$3:$H$2883,6,0),"") | F36: =IF($I36>0,VLOOKUP(I36,'Lista de Precios'!$A$3:$H$2883,8,0),"") | G36: =IF(AN36="","",AN36*1.87) | H36: 0 | J36: =+E36 | AM36: =+IF(I36>0,SUM(L36:AL36),0) -> 0 | AN36: =+IF($I36>0,VLOOKUP($I36,'Lista de Precios'!$A$3:$H$2883,4,0),"") | AO36: =+IF(AM36>0,AN36*AM36,"") | AP36: =IF($I36>0,VLOOKUP($I36,'Lista de Precios'!$A$3:$K$2883,10,0),"") | AQ36: =IF($I36>0,VLOOKUP($I36,'Lista de Precios'!$A$3:$M$49893,13,0),"") | XEO36: =+IF($AQ36=$XEO$13,$AM36,"") | XEP36: =+IF($AQ36=$XEP$13,$AM36,"") | XEQ36: =+IF($AQ36=$XEQ$13,$AM36,"") | XER36: =+IF($AQ36=$XER$13,$AM36,"")
A37: =IF($I37>0,VLOOKUP(I37,'Lista de Precios'!$A$3:$L$2883,9,0),0) -> 0 | B37: =IF($I37>0,VLOOKUP(I37,'Lista de Precios'!$A$3:$H$2883,7,0),0) -> 0 | C37: =IF($I37>0,VLOOKUP(I37,'Lista de Precios'!$A$3:$H$2883,2,0),"") | D37: =IF($I37>0,VLOOKUP(I37,'Lista de Precios'!$A$3:$H$2883,3,0),"") | E37: =IF($I37>0,VLOOKUP(I37,'Lista de Precios'!$A$3:$H$2883,6,0),"") | F37: =IF($I37>0,VLOOKUP(I37,'Lista de Precios'!$A$3:$H$2883,8,0),"") | G37: =IF(AN37="","",AN37*1.87) | H37: 0 | J37: =+E37 | AM37: =+IF(I37>0,SUM(L37:AL37),0) -> 0 | AN37: =+IF($I37>0,VLOOKUP($I37,'Lista de Precios'!$A$3:$H$2883,4,0),"") | AO37: =+IF(AM37>0,AN37*AM37,"") | AP37: =IF($I37>0,VLOOKUP($I37,'Lista de Precios'!$A$3:$K$2883,10,0),"") | AQ37: =IF($I37>0,VLOOKUP($I37,'Lista de Precios'!$A$3:$M$49893,13,0),"") | XEO37: =+IF($AQ37=$XEO$13,$AM37,"") | XEP37: =+IF($AQ37=$XEP$13,$AM37,"") | XEQ37: =+IF($AQ37=$XEQ$13,$AM37,"") | XER37: =+IF($AQ37=$XER$13,$AM37,"")
A38: =IF($I38>0,VLOOKUP(I38,'Lista de Precios'!$A$3:$L$2883,9,0),0) -> 0 | B38: =IF($I38>0,VLOOKUP(I38,'Lista de Precios'!$A$3:$H$2883,7,0),0) -> 0 | C38: =IF($I38>0,VLOOKUP(I38,'Lista de Precios'!$A$3:$H$2883,2,0),"") | D38: =IF($I38>0,VLOOKUP(I38,'Lista de Precios'!$A$3:$H$2883,3,0),"") | E38: =IF($I38>0,VLOOKUP(I38,'Lista de Precios'!$A$3:$H$2883,6,0),"") | F38: =IF($I38>0,VLOOKUP(I38,'Lista de Precios'!$A$3:$H$2883,8,0),"") | G38: =IF(AN38="","",AN38*1.87) | H38: 0 | J38: =+E38 | AM38: =+IF(I38>0,SUM(L38:AL38),0) -> 0 | AN38: =+IF($I38>0,VLOOKUP($I38,'Lista de Precios'!$A$3:$H$2883,4,0),"") | AO38: =+IF(AM38>0,AN38*AM38,"") | AP38: =IF($I38>0,VLOOKUP($I38,'Lista de Precios'!$A$3:$K$2883,10,0),"") | AQ38: =IF($I38>0,VLOOKUP($I38,'Lista de Precios'!$A$3:$M$49893,13,0),"") | XEO38: =+IF($AQ38=$XEO$13,$AM38,"") | XEP38: =+IF($AQ38=$XEP$13,$AM38,"") | XEQ38: =+IF($AQ38=$XEQ$13,$AM38,"") | XER38: =+IF($AQ38=$XER$13,$AM38,"")
A41: =IF($I41>0,VLOOKUP(I41,'Lista de Precios'!$A$3:$L$2883,9,0),0) -> 0 | B41: =IF($I41>0,VLOOKUP(I41,'Lista de Precios'!$A$3:$H$2883,7,0),0) -> 0 | C41: =IF($I41>0,VLOOKUP(I41,'Lista de Precios'!$A$3:$H$2883,2,0),"") | D41: =IF($I41>0,VLOOKUP(I41,'Lista de Precios'!$A$3:$H$2883,3,0),"") | E41: =IF($I41>0,VLOOKUP(I41,'Lista de Precios'!$A$3:$H$2883,6,0),"") | F41: =IF($I41>0,VLOOKUP(I41,'Lista de Precios'!$A$3:$H$2883,8,0),"") | G41: =IF(AN41="","",AN41*1.87) | H41: 0 | J41: =+E41 | AM41: =+IF(I41>0,SUM(L41:AL41),0) -> 0 | AN41: =+IF($I41>0,VLOOKUP($I41,'Lista de Precios'!$A$3:$H$2883,4,0),"") | AO41: =+IF(AM41>0,AN41*AM41,"") | AP41: =IF($I41>0,VLOOKUP($I41,'Lista de Precios'!$A$3:$K$2883,10,0),"") | AQ41: =IF($I41>0,VLOOKUP($I41,'Lista de Precios'!$A$3:$M$49893,13,0),"") | XEO41: =+IF($AQ41=$XEO$13,$AM41,"") | XEP41: =+IF($AQ41=$XEP$13,$AM41,"") | XEQ41: =+IF($AQ41=$XEQ$13,$AM41,"") | XER41: =+IF($AQ41=$XER$13,$AM41,"")
A42: =IF($I42>0,VLOOKUP(I42,'Lista de Precios'!$A$3:$L$2883,9,0),0) -> 0 | B42: =IF($I42>0,VLOOKUP(I42,'Lista de Precios'!$A$3:$H$2883,7,0),0) -> 0 | C42: =IF($I42>0,VLOOKUP(I42,'Lista de Precios'!$A$3:$H$2883,2,0),"") | D42: =IF($I42>0,VLOOKUP(I42,'Lista de Precios'!$A$3:$H$2883,3,0),"") | E42: =IF($I42>0,VLOOKUP(I42,'Lista de Precios'!$A$3:$H$2883,6,0),"") | F42: =IF($I42>0,VLOOKUP(I42,'Lista de Precios'!$A$3:$H$2883,8,0),"") | G42: =IF(AN42="","",AN42*1.87) | H42: 0 | J42: =+E42 | AM42: =+IF(I42>0,SUM(L42:AL42),0) -> 0 | AN42: =+IF($I42>0,VLOOKUP($I42,'Lista de Precios'!$A$3:$H$2883,4,0),"") | AO42: =+IF(AM42>0,AN42*AM42,"") | AP42: =IF($I42>0,VLOOKUP($I42,'Lista de Precios'!$A$3:$K$2883,10,0),"") | AQ42: =IF($I42>0,VLOOKUP($I42,'Lista de Precios'!$A$3:$M$49893,13,0),"") | XEO42: =+IF($AQ42=$XEO$13,$AM42,"") | XEP42: =+IF($AQ42=$XEP$13,$AM42,"") | XEQ42: =+IF($AQ42=$XEQ$13,$AM42,"") | XER42: =+IF($AQ42=$XER$13,$AM42,"")
A43: =IF($I43>0,VLOOKUP(I43,'Lista de Precios'!$A$3:$L$2883,9,0),0) -> 0 | B43: =IF($I43>0,VLOOKUP(I43,'Lista de Precios'!$A$3:$H$2883,7,0),0) -> 0 | C43: =IF($I43>0,VLOOKUP(I43,'Lista de Precios'!$A$3:$H$2883,2,0),"") | D43: =IF($I43>0,VLOOKUP(I43,'Lista de Precios'!$A$3:$H$2883,3,0),"") | E43: =IF($I43>0,VLOOKUP(I43,'Lista de Precios'!$A$3:$H$2883,6,0),"") | F43: =IF($I43>0,VLOOKUP(I43,'Lista de Precios'!$A$3:$H$2883,8,0),"") | G43: =IF(AN43="","",AN43*1.87) | H43: 0 | J43: =+E43 | AM43: =+IF(I43>0,SUM(L43:AL43),0) -> 0 | AN43: =+IF($I43>0,VLOOKUP($I43,'Lista de Precios'!$A$3:$H$2883,4,0),"") | AO43: =+IF(AM43>0,AN43*AM43,"") | AP43: =IF($I43>0,VLOOKUP($I43,'Lista de Precios'!$A$3:$K$2883,10,0),"") | AQ43: =IF($I43>0,VLOOKUP($I43,'Lista de Precios'!$A$3:$M$49893,13,0),"") | XEO43: =+IF($AQ43=$XEO$13,$AM43,"") | XEP43: =+IF($AQ43=$XEP$13,$AM43,"") | XEQ43: =+IF($AQ43=$XEQ$13,$AM43,"") | XER43: =+IF($AQ43=$XER$13,$AM43,"")
A44: =IF($I44>0,VLOOKUP(I44,'Lista de Precios'!$A$3:$L$2883,9,0),0) -> 0 | B44: =IF($I44>0,VLOOKUP(I44,'Lista de Precios'!$A$3:$H$2883,7,0),0) -> 0 | C44: =IF($I44>0,VLOOKUP(I44,'Lista de Precios'!$A$3:$H$2883,2,0),"") | D44: =IF($I44>0,VLOOKUP(I44,'Lista de Precios'!$A$3:$H$2883,3,0),"") | E44: =IF($I44>0,VLOOKUP(I44,'Lista de Precios'!$A$3:$H$2883,6,0),"") | F44: =IF($I44>0,VLOOKUP(I44,'Lista de Precios'!$A$3:$H$2883,8,0),"") | G44: =IF(AN44="","",AN44*1.87) | H44: 0 | J44: =+E44 | AM44: =+IF(I44>0,SUM(L44:AL44),0) -> 0 | AN44: =+IF($I44>0,VLOOKUP($I44,'Lista de Precios'!$A$3:$H$2883,4,0),"") | AO44: =+IF(AM44>0,AN44*AM44,"") | AP44: =IF($I44>0,VLOOKUP($I44,'Lista de Precios'!$A$3:$K$2883,10,0),"") | AQ44: =IF($I44>0,VLOOKUP($I44,'Lista de Precios'!$A$3:$M$49893,13,0),"") | XEO44: =+IF($AQ44=$XEO$13,$AM44,"") | XEP44: =+IF($AQ44=$XEP$13,$AM44,"") | XEQ44: =+IF($AQ44=$XEQ$13,$AM44,"") | XER44: =+IF($AQ44=$XER$13,$AM44,"")
... A50: =IF($I50>0,VLOOKUP(I50,'Lista de Precios'!$A$3:$L$2883,9,0),0) -> 0 | B50: =IF($I50>0,VLOOKUP(I50,'Lista de Precios'!$A$3:$H$2883,7,0),0) -> 0 | C50: =IF($I50>0,VLOOKUP(I50,'Lista de Precios'!$A$3:$H$2883,2,0),"") | D50: =IF($I50>0,VLOOKUP(I50,'Lista de Precios'!$A$3:$H$2883,3,0),"") | E50: =IF($I50>0,VLOOKUP(I50,'Lista de Precios'!$A$3:$H$2883,6,0),"") | F50: =IF($I50>0,VLOOKUP(I50,'Lista de Precios'!$A$3:$H$2883,8,0),"") | G50: =IF(AN50="","",AN50*1.87) | H50: 0 | J50: =+E50 | AM50: =+IF(I50>0,SUM(L50:AL50),0) -> 0 | AN50: =+IF($I50>0,VLOOKUP($I50,'Lista de Precios'!$A$3:$H$2883,4,0),"") | AO50: =+IF(AM50>0,AN50*AM50,"") | AP50: =IF($I50>0,VLOOKUP($I50,'Lista de Precios'!$A$3:$K$2883,10,0),"") | AQ50: =IF($I50>0,VLOOKUP($I50,'Lista de Precios'!$A$3:$M$49893,13,0),"") | XEO50: =+IF($AQ50=$XEO$13,$AM50,"") | XEP50: =+IF($AQ50=$XEP$13,$AM50,"") | XEQ50: =+IF($AQ50=$XEQ$13,$AM50,"") | XER50: =+IF($AQ50=$XER$13,$AM50,"")
B51: =IF($I51>0,VLOOKUP(I51,'Lista de Precios'!$A$3:$H$2883,7,0),0) -> 0 | C51: =IF($I51>0,VLOOKUP(I51,'Lista de Precios'!$A$3:$H$2883,2,0),"") | D51: =IF($I51>0,VLOOKUP(I51,'Lista de Precios'!$A$3:$H$2883,3,0),"") | E51: =IF($I51>0,VLOOKUP(I51,'Lista de Precios'!$A$3:$H$2883,6,0),"") | F51: =IF($I51>0,VLOOKUP(I51,'Lista de Precios'!$A$3:$H$2883,8,0),"") | G51: =IF(AN51="","",AN51*1.87) | H51: 0 | J51: =+E51 | AM51: =+IF(I51>0,SUM(L51:AL51),0) -> 0 | AN51: =+IF($I51>0,VLOOKUP($I51,'Lista de Precios'!$A$3:$H$2883,4,0),"") | AO51: =+IF(AM51>0,AN51*AM51,"") | AP51: =IF($I51>0,VLOOKUP($I51,'Lista de Precios'!$A$3:$K$2883,10,0),"") | AQ51: =IF($I51>0,VLOOKUP($I51,'Lista de Precios'!$A$3:$M$49893,13,0),"") | XEO51: =+IF($AQ51=$XEO$13,$AM51,"") | XEP51: =+IF($AQ51=$XEP$13,$AM51,"") | XEQ51: =+IF($AQ51=$XEQ$13,$AM51,"") | XER51: =+IF($AQ51=$XER$13,$AM51,"")
A52: =IF($I52>0,VLOOKUP(I52,'Lista de Precios'!$A$3:$L$2883,9,0),0) -> 0 | B52: =IF($I52>0,VLOOKUP(I52,'Lista de Precios'!$A$3:$H$2883,7,0),0) -> 0 | C52: =IF($I52>0,VLOOKUP(I52,'Lista de Precios'!$A$3:$H$2883,2,0),"") | D52: =IF($I52>0,VLOOKUP(I52,'Lista de Precios'!$A$3:$H$2883,3,0),"") | E52: =IF($I52>0,VLOOKUP(I52,'Lista de Precios'!$A$3:$H$2883,6,0),"") | F52: =IF($I52>0,VLOOKUP(I52,'Lista de Precios'!$A$3:$H$2883,8,0),"") | G52: =IF(AN52="","",AN52*1.87) | H52: 0 | J52: =+E52 | AM52: =+IF(I52>0,SUM(L52:AL52),0) -> 0 | AN52: =+IF($I52>0,VLOOKUP($I52,'Lista de Precios'!$A$3:$H$2883,4,0),"") | AO52: =+IF(AM52>0,AN52*AM52,"") | AP52: =IF($I52>0,VLOOKUP($I52,'Lista de Precios'!$A$3:$K$2883,10,0),"") | AQ52: =IF($I52>0,VLOOKUP($I52,'Lista de Precios'!$A$3:$M$49893,13,0),"") | XEO52: =+IF($AQ52=$XEO$13,$AM52,"") | XEP52: =+IF($AQ52=$XEP$13,$AM52,"") | XEQ52: =+IF($AQ52=$XEQ$13,$AM52,"") | XER52: =+IF($AQ52=$XER$13,$AM52,"")
A53: =IF($I53>0,VLOOKUP(I53,'Lista de Precios'!$A$3:$L$2883,9,0),0) -> 0 | B53: =IF($I53>0,VLOOKUP(I53,'Lista de Precios'!$A$3:$H$2883,7,0),0) -> 0 | C53: =IF($I53>0,VLOOKUP(I53,'Lista de Precios'!$A$3:$H$2883,2,0),"") | D53: =IF($I53>0,VLOOKUP(I53,'Lista de Precios'!$A$3:$H$2883,3,0),"") | E53: =IF($I53>0,VLOOKUP(I53,'Lista de Precios'!$A$3:$H$2883,6,0),"") | F53: =IF($I53>0,VLOOKUP(I53,'Lista de Precios'!$A$3:$H$2883,8,0),"") | G53: =IF(AN53="","",AN53*1.87) | H53: 0 | J53: =+E53 | AM53: =+IF(I53>0,SUM(L53:AL53),0) -> 0 | AN53: =+IF($I53>0,VLOOKUP($I53,'Lista de Precios'!$A$3:$H$2883,4,0),"") | AO53: =+IF(AM53>0,AN53*AM53,"") | AP53: =IF($I53>0,VLOOKUP($I53,'Lista de Precios'!$A$3:$K$2883,10,0),"") | AQ53: =IF($I53>0,VLOOKUP($I53,'Lista de Precios'!$A$3:$M$49893,13,0),"") | XEO53: =+IF($AQ53=$XEO$13,$AM53,"") | XEP53: =+IF($AQ53=$XEP$13,$AM53,"") | XEQ53: =+IF($AQ53=$XEQ$13,$AM53,"") | XER53: =+IF($AQ53=$XER$13,$AM53,"")
A54: =IF($I54>0,VLOOKUP(I54,'Lista de Precios'!$A$3:$L$2883,9,0),0) -> 0 | B54: =IF($I54>0,VLOOKUP(I54,'Lista de Precios'!$A$3:$H$2883,7,0),0) -> 0 | C54: =IF($I54>0,VLOOKUP(I54,'Lista de Precios'!$A$3:$H$2883,2,0),"") | D54: =IF($I54>0,VLOOKUP(I54,'Lista de Precios'!$A$3:$H$2883,3,0),"") | E54: =IF($I54>0,VLOOKUP(I54,'Lista de Precios'!$A$3:$H$2883,6,0),"") | F54: =IF($I54>0,VLOOKUP(I54,'Lista de Precios'!$A$3:$H$2883,8,0),"") | G54: =IF(AN54="","",AN54*1.87) | H54: 0 | J54: =+E54 | AM54: =+IF(I54>0,SUM(L54:AL54),0) -> 0 | AN54: =+IF($I54>0,VLOOKUP($I54,'Lista de Precios'!$A$3:$H$2883,4,0),"") | AO54: =+IF(AM54>0,AN54*AM54,"") | AP54: =IF($I54>0,VLOOKUP($I54,'Lista de Precios'!$A$3:$K$2883,10,0),"") | AQ54: =IF($I54>0,VLOOKUP($I54,'Lista de Precios'!$A$3:$M$49893,13,0),"") | XEO54: =+IF($AQ54=$XEO$13,$AM54,"") | XEP54: =+IF($AQ54=$XEP$13,$AM54,"") | XEQ54: =+IF($AQ54=$XEQ$13,$AM54,"") | XER54: =+IF($AQ54=$XER$13,$AM54,"")
B55: =IF($I55>0,VLOOKUP(I55,'Lista de Precios'!$A$3:$H$2883,7,0),0) -> 0 | C55: =IF($I55>0,VLOOKUP(I55,'Lista de Precios'!$A$3:$H$2883,2,0),"") | D55: =IF($I55>0,VLOOKUP(I55,'Lista de Precios'!$A$3:$H$2883,3,0),"") | E55: =IF($I55>0,VLOOKUP(I55,'Lista de Precios'!$A$3:$H$2883,6,0),"") | F55: =IF($I55>0,VLOOKUP(I55,'Lista de Precios'!$A$3:$H$2883,8,0),"") | G55: =IF(AN55="","",AN55*1.87) | H55: 0 | J55: =+E55 | AM55: =+IF(I55>0,SUM(L55:AL55),0) -> 0 | AN55: =+IF($I55>0,VLOOKUP($I55,'Lista de Precios'!$A$3:$H$2883,4,0),"") | AO55: =+IF(AM55>0,AN55*AM55,"") | AP55: =IF($I55>0,VLOOKUP($I55,'Lista de Precios'!$A$3:$K$2883,10,0),"") | AQ55: =IF($I55>0,VLOOKUP($I55,'Lista de Precios'!$A$3:$M$49893,13,0),"") | XEO55: =+IF($AQ55=$XEO$13,$AM55,"") | XEP55: =+IF($AQ55=$XEP$13,$AM55,"") | XEQ55: =+IF($AQ55=$XEQ$13,$AM55,"") | XER55: =+IF($AQ55=$XER$13,$AM55,"")
A58: =IF($I58>0,VLOOKUP(I58,'Lista de Precios'!$A$3:$L$2883,9,0),0) -> 0 | B58: =IF($I58>0,VLOOKUP(I58,'Lista de Precios'!$A$3:$H$2883,7,0),0) -> 0 | C58: =IF($I58>0,VLOOKUP(I58,'Lista de Precios'!$A$3:$H$2883,2,0),"") | D58: =IF($I58>0,VLOOKUP(I58,'Lista de Precios'!$A$3:$H$2883,3,0),"") | E58: =IF($I58>0,VLOOKUP(I58,'Lista de Precios'!$A$3:$H$2883,6,0),"") | F58: =IF($I58>0,VLOOKUP(I58,'Lista de Precios'!$A$3:$H$2883,8,0),"") | G58: =IF(AN58="","",AN58*1.87) | H58: 0 | J58: =+E58 | AM58: =+IF(I58>0,SUM(L58:AL58),0) -> 0 | AN58: =+IF($I58>0,VLOOKUP($I58,'Lista de Precios'!$A$3:$H$2883,4,0),"") | AO58: =+IF(AM58>0,AN58*AM58,"") | AP58: =IF($I58>0,VLOOKUP($I58,'Lista de Precios'!$A$3:$K$2883,10,0),"") | AQ58: =IF($I58>0,VLOOKUP($I58,'Lista de Precios'!$A$3:$M$49893,13,0),"") | XEO58: =+IF($AQ58=$XEO$13,$AM58,"") | XEP58: =+IF($AQ58=$XEP$13,$AM58,"") | XEQ58: =+IF($AQ58=$XEQ$13,$AM58,"") | XER58: =+IF($AQ58=$XER$13,$AM58,"")
A59: =IF($I59>0,VLOOKUP(I59,'Lista de Precios'!$A$3:$L$2883,9,0),0) -> 0 | B59: =IF($I59>0,VLOOKUP(I59,'Lista de Precios'!$A$3:$H$2883,7,0),0) -> 0 | C59: =IF($I59>0,VLOOKUP(I59,'Lista de Precios'!$A$3:$H$2883,2,0),"") | D59: =IF($I59>0,VLOOKUP(I59,'Lista de Precios'!$A$3:$H$2883,3,0),"") | E59: =IF($I59>0,VLOOKUP(I59,'Lista de Precios'!$A$3:$H$2883,6,0),"") | F59: =IF($I59>0,VLOOKUP(I59,'Lista de Precios'!$A$3:$H$2883,8,0),"") | G59: =IF(AN59="","",AN59*1.87) | H59: 0 | J59: =+E59 | AM59: =+IF(I59>0,SUM(L59:AL59),0) -> 0 | AN59: =+IF($I59>0,VLOOKUP($I59,'Lista de Precios'!$A$3:$H$2883,4,0),"") | AO59: =+IF(AM59>0,AN59*AM59,"") | AP59: =IF($I59>0,VLOOKUP($I59,'Lista de Precios'!$A$3:$K$2883,10,0),"") | AQ59: =IF($I59>0,VLOOKUP($I59,'Lista de Precios'!$A$3:$M$49893,13,0),"") | XEO59: =+IF($AQ59=$XEO$13,$AM59,"") | XEP59: =+IF($AQ59=$XEP$13,$AM59,"") | XEQ59: =+IF($AQ59=$XEQ$13,$AM59,"") | XER59: =+IF($AQ59=$XER$13,$AM59,"")
A60: =IF($I60>0,VLOOKUP(I60,'Lista de Precios'!$A$3:$L$2883,9,0),0) -> 0 | B60: =IF($I60>0,VLOOKUP(I60,'Lista de Precios'!$A$3:$H$2883,7,0),0) -> 0 | C60: =IF($I60>0,VLOOKUP(I60,'Lista de Precios'!$A$3:$H$2883,2,0),"") | D60: =IF($I60>0,VLOOKUP(I60,'Lista de Precios'!$A$3:$H$2883,3,0),"") | E60: =IF($I60>0,VLOOKUP(I60,'Lista de Precios'!$A$3:$H$2883,6,0),"") | F60: =IF($I60>0,VLOOKUP(I60,'Lista de Precios'!$A$3:$H$2883,8,0),"") | G60: =IF(AN60="","",AN60*1.87) | H60: 0 | J60: =+E60 | AM60: =+IF(I60>0,SUM(L60:AL60),0) -> 0 | AN60: =+IF($I60>0,VLOOKUP($I60,'Lista de Precios'!$A$3:$H$2883,4,0),"") | AO60: =+IF(AM60>0,AN60*AM60,"") | AP60: =IF($I60>0,VLOOKUP($I60,'Lista de Precios'!$A$3:$K$2883,10,0),"") | AQ60: =IF($I60>0,VLOOKUP($I60,'Lista de Precios'!$A$3:$M$49893,13,0),"") | XEO60: =+IF($AQ60=$XEO$13,$AM60,"") | XEP60: =+IF($AQ60=$XEP$13,$AM60,"") | XEQ60: =+IF($AQ60=$XEQ$13,$AM60,"") | XER60: =+IF($AQ60=$XER$13,$AM60,"")
A61: =IF($I61>0,VLOOKUP(I61,'Lista de Precios'!$A$3:$L$2883,9,0),0) -> 0 | B61: =IF($I61>0,VLOOKUP(I61,'Lista de Precios'!$A$3:$H$2883,7,0),0) -> 0 | C61: =IF($I61>0,VLOOKUP(I61,'Lista de Precios'!$A$3:$H$2883,2,0),"") | D61: =IF($I61>0,VLOOKUP(I61,'Lista de Precios'!$A$3:$H$2883,3,0),"") | E61: =IF($I61>0,VLOOKUP(I61,'Lista de Precios'!$A$3:$H$2883,6,0),"") | F61: =IF($I61>0,VLOOKUP(I61,'Lista de Precios'!$A$3:$H$2883,8,0),"") | G61: =IF(AN61="","",AN61*1.87) | H61: 0 | J61: =+E61 | AM61: =+IF(I61>0,SUM(L61:AL61),0) -> 0 | AN61: =+IF($I61>0,VLOOKUP($I61,'Lista de Precios'!$A$3:$H$2883,4,0),"") | AO61: =+IF(AM61>0,AN61*AM61,"") | AP61: =IF($I61>0,VLOOKUP($I61,'Lista de Precios'!$A$3:$K$2883,10,0),"") | AQ61: =IF($I61>0,VLOOKUP($I61,'Lista de Precios'!$A$3:$M$49893,13,0),"") | XEO61: =+IF($AQ61=$XEO$13,$AM61,"") | XEP61: =+IF($AQ61=$XEP$13,$AM61,"") | XEQ61: =+IF($AQ61=$XEQ$13,$AM61,"") | XER61: =+IF($AQ61=$XER$13,$AM61,"")
A62: =IF($I62>0,VLOOKUP(I62,'Lista de Precios'!$A$3:$L$2883,9,0),0) -> 0 | B62: =IF($I62>0,VLOOKUP(I62,'Lista de Precios'!$A$3:$H$2883,7,0),0) -> 0 | C62: =IF($I62>0,VLOOKUP(I62,'Lista de Precios'!$A$3:$H$2883,2,0),"") | D62: =IF($I62>0,VLOOKUP(I62,'Lista de Precios'!$A$3:$H$2883,3,0),"") | E62: =IF($I62>0,VLOOKUP(I62,'Lista de Precios'!$A$3:$H$2883,6,0),"") | F62: =IF($I62>0,VLOOKUP(I62,'Lista de Precios'!$A$3:$H$2883,8,0),"") | G62: =IF(AN62="","",AN62*1.87) | H62: 0 | J62: =+E62 | AM62: =+IF(I62>0,SUM(L62:AL62),0) -> 0 | AN62: =+IF($I62>0,VLOOKUP($I62,'Lista de Precios'!$A$3:$H$2883,4,0),"") | AO62: =+IF(AM62>0,AN62*AM62,"") | AP62: =IF($I62>0,VLOOKUP($I62,'Lista de Precios'!$A$3:$K$2883,10,0),"") | AQ62: =IF($I62>0,VLOOKUP($I62,'Lista de Precios'!$A$3:$M$49893,13,0),"") | XEO62: =+IF($AQ62=$XEO$13,$AM62,"") | XEP62: =+IF($AQ62=$XEP$13,$AM62,"") | XEQ62: =+IF($AQ62=$XEQ$13,$AM62,"") | XER62: =+IF($AQ62=$XER$13,$AM62,"")
A63: =IF($I63>0,VLOOKUP(I63,'Lista de Precios'!$A$3:$L$2883,9,0),0) -> 0 | B63: =IF($I63>0,VLOOKUP(I63,'Lista de Precios'!$A$3:$H$2883,7,0),0) -> 0 | C63: =IF($I63>0,VLOOKUP(I63,'Lista de Precios'!$A$3:$H$2883,2,0),"") | D63: =IF($I63>0,VLOOKUP(I63,'Lista de Precios'!$A$3:$H$2883,3,0),"") | E63: =IF($I63>0,VLOOKUP(I63,'Lista de Precios'!$A$3:$H$2883,6,0),"") | F63: =IF($I63>0,VLOOKUP(I63,'Lista de Precios'!$A$3:$H$2883,8,0),"") | G63: =IF(AN63="","",AN63*1.87) | H63: 0 | J63: =+E63 | AM63: =+IF(I63>0,SUM(L63:AL63),0) -> 0 | AN63: =+IF($I63>0,VLOOKUP($I63,'Lista de Precios'!$A$3:$H$2883,4,0),"") | AO63: =+IF(AM63>0,AN63*AM63,"") | AP63: =IF($I63>0,VLOOKUP($I63,'Lista de Precios'!$A$3:$K$2883,10,0),"") | AQ63: =IF($I63>0,VLOOKUP($I63,'Lista de Precios'!$A$3:$M$49893,13,0),"") | XEO63: =+IF($AQ63=$XEO$13,$AM63,"") | XEP63: =+IF($AQ63=$XEP$13,$AM63,"") | XEQ63: =+IF($AQ63=$XEQ$13,$AM63,"") | XER63: =+IF($AQ63=$XER$13,$AM63,"")
A64: =IF($I64>0,VLOOKUP(I64,'Lista de Precios'!$A$3:$L$2883,9,0),0) -> 0 | B64: =IF($I64>0,VLOOKUP(I64,'Lista de Precios'!$A$3:$H$2883,7,0),0) -> 0 | C64: =IF($I64>0,VLOOKUP(I64,'Lista de Precios'!$A$3:$H$2883,2,0),"") | D64: =IF($I64>0,VLOOKUP(I64,'Lista de Precios'!$A$3:$H$2883,3,0),"") | E64: =IF($I64>0,VLOOKUP(I64,'Lista de Precios'!$A$3:$H$2883,6,0),"") | F64: =IF($I64>0,VLOOKUP(I64,'Lista de Precios'!$A$3:$H$2883,8,0),"") | G64: =IF(AN64="","",AN64*1.87) | H64: 0 | J64: =+E64 | AM64: =+IF(I64>0,SUM(L64:AL64),0) -> 0 | AN64: =+IF($I64>0,VLOOKUP($I64,'Lista de Precios'!$A$3:$H$2883,4,0),"") | AO64: =+IF(AM64>0,AN64*AM64,"") | AP64: =IF($I64>0,VLOOKUP($I64,'Lista de Precios'!$A$3:$K$2883,10,0),"") | AQ64: =IF($I64>0,VLOOKUP($I64,'Lista de Precios'!$A$3:$M$49893,13,0),"") | XEO64: =+IF($AQ64=$XEO$13,$AM64,"") | XEP64: =+IF($AQ64=$XEP$13,$AM64,"") | XEQ64: =+IF($AQ64=$XEQ$13,$AM64,"") | XER64: =+IF($AQ64=$XER$13,$AM64,"")
A65: =IF($I65>0,VLOOKUP(I65,'Lista de Precios'!$A$3:$L$2883,9,0),0) -> 0 | B65: =IF($I65>0,VLOOKUP(I65,'Lista de Precios'!$A$3:$H$2883,7,0),0) -> 0 | C65: =IF($I65>0,VLOOKUP(I65,'Lista de Precios'!$A$3:$H$2883,2,0),"") | D65: =IF($I65>0,VLOOKUP(I65,'Lista de Precios'!$A$3:$H$2883,3,0),"") | E65: =IF($I65>0,VLOOKUP(I65,'Lista de Precios'!$A$3:$H$2883,6,0),"") | F65: =IF($I65>0,VLOOKUP(I65,'Lista de Precios'!$A$3:$H$2883,8,0),"") | G65: =IF(AN65="","",AN65*1.87) | H65: 0 | J65: =+E65 | AM65: =+IF(I65>0,SUM(L65:AL65),0) -> 0 | AN65: =+IF($I65>0,VLOOKUP($I65,'Lista de Precios'!$A$3:$H$2883,4,0),"") | AO65: =+IF(AM65>0,AN65*AM65,"") | AP65: =IF($I65>0,VLOOKUP($I65,'Lista de Precios'!$A$3:$K$2883,10,0),"") | AQ65: =IF($I65>0,VLOOKUP($I65,'Lista de Precios'!$A$3:$M$49893,13,0),"") | XEO65: =+IF($AQ65=$XEO$13,$AM65,"") | XEP65: =+IF($AQ65=$XEP$13,$AM65,"") | XEQ65: =+IF($AQ65=$XEQ$13,$AM65,"") | XER65: =+IF($AQ65=$XER$13,$AM65,"")
A66: =IF($I66>0,VLOOKUP(I66,'Lista de Precios'!$A$3:$L$2883,9,0),0) -> 0 | B66: =IF($I66>0,VLOOKUP(I66,'Lista de Precios'!$A$3:$H$2883,7,0),0) -> 0 | C66: =IF($I66>0,VLOOKUP(I66,'Lista de Precios'!$A$3:$H$2883,2,0),"") | D66: =IF($I66>0,VLOOKUP(I66,'Lista de Precios'!$A$3:$H$2883,3,0),"") | E66: =IF($I66>0,VLOOKUP(I66,'Lista de Precios'!$A$3:$H$2883,6,0),"") | F66: =IF($I66>0,VLOOKUP(I66,'Lista de Precios'!$A$3:$H$2883,8,0),"") | G66: =IF(AN66="","",AN66*1.87) | H66: 0 | J66: =+E66 | AM66: =+IF(I66>0,SUM(L66:AL66),0) -> 0 | AN66: =+IF($I66>0,VLOOKUP($I66,'Lista de Precios'!$A$3:$H$2883,4,0),"") | AO66: =+IF(AM66>0,AN66*AM66,"") | AP66: =IF($I66>0,VLOOKUP($I66,'Lista de Precios'!$A$3:$K$2883,10,0),"") | AQ66: =IF($I66>0,VLOOKUP($I66,'Lista de Precios'!$A$3:$M$49893,13,0),"") | XEO66: =+IF($AQ66=$XEO$13,$AM66,"") | XEP66: =+IF($AQ66=$XEP$13,$AM66,"") | XEQ66: =+IF($AQ66=$XEQ$13,$AM66,"") | XER66: =+IF($AQ66=$XER$13,$AM66,"")
A67: =IF($I67>0,VLOOKUP(I67,'Lista de Precios'!$A$3:$L$2883,9,0),0) -> 0 | B67: =IF($I67>0,VLOOKUP(I67,'Lista de Precios'!$A$3:$H$2883,7,0),0) -> 0 | C67: =IF($I67>0,VLOOKUP(I67,'Lista de Precios'!$A$3:$H$2883,2,0),"") | D67: =IF($I67>0,VLOOKUP(I67,'Lista de Precios'!$A$3:$H$2883,3,0),"") | E67: =IF($I67>0,VLOOKUP(I67,'Lista de Precios'!$A$3:$H$2883,6,0),"") | F67: =IF($I67>0,VLOOKUP(I67,'Lista de Precios'!$A$3:$H$2883,8,0),"") | G67: =IF(AN67="","",AN67*1.87) | H67: 0 | J67: =+E67 | AM67: =+IF(I67>0,SUM(L67:AL67),0) -> 0 | AN67: =+IF($I67>0,VLOOKUP($I67,'Lista de Precios'!$A$3:$H$2883,4,0),"") | AO67: =+IF(AM67>0,AN67*AM67,"") | AP67: =IF($I67>0,VLOOKUP($I67,'Lista de Precios'!$A$3:$K$2883,10,0),"") | AQ67: =IF($I67>0,VLOOKUP($I67,'Lista de Precios'!$A$3:$M$49893,13,0),"") | XEO67: =+IF($AQ67=$XEO$13,$AM67,"") | XEP67: =+IF($AQ67=$XEP$13,$AM67,"") | XEQ67: =+IF($AQ67=$XEQ$13,$AM67,"") | XER67: =+IF($AQ67=$XER$13,$AM67,"")
A68: =IF($I68>0,VLOOKUP(I68,'Lista de Precios'!$A$3:$L$2883,9,0),0) -> 0 | B68: =IF($I68>0,VLOOKUP(I68,'Lista de Precios'!$A$3:$H$2883,7,0),0) -> 0 | C68: =IF($I68>0,VLOOKUP(I68,'Lista de Precios'!$A$3:$H$2883,2,0),"") | D68: =IF($I68>0,VLOOKUP(I68,'Lista de Precios'!$A$3:$H$2883,3,0),"") | E68: =IF($I68>0,VLOOKUP(I68,'Lista de Precios'!$A$3:$H$2883,6,0),"") | F68: =IF($I68>0,VLOOKUP(I68,'Lista de Precios'!$A$3:$H$2883,8,0),"") | G68: =IF(AN68="","",AN68*1.87) | H68: 0 | J68: =+E68 | AM68: =+IF(I68>0,SUM(L68:AL68),0) -> 0 | AN68: =+IF($I68>0,VLOOKUP($I68,'Lista de Precios'!$A$3:$H$2883,4,0),"") | AO68: =+IF(AM68>0,AN68*AM68,"") | AP68: =IF($I68>0,VLOOKUP($I68,'Lista de Precios'!$A$3:$K$2883,10,0),"") | AQ68: =IF($I68>0,VLOOKUP($I68,'Lista de Precios'!$A$3:$M$49893,13,0),"") | XEO68: =+IF($AQ68=$XEO$13,$AM68,"") | XEP68: =+IF($AQ68=$XEP$13,$AM68,"") | XEQ68: =+IF($AQ68=$XEQ$13,$AM68,"") | XER68: =+IF($AQ68=$XER$13,$AM68,"")
A69: =IF($I69>0,VLOOKUP(I69,'Lista de Precios'!$A$3:$L$2883,9,0),0) -> 0 | B69: =IF($I69>0,VLOOKUP(I69,'Lista de Precios'!$A$3:$H$2883,7,0),0) -> 0 | C69: =IF($I69>0,VLOOKUP(I69,'Lista de Precios'!$A$3:$H$2883,2,0),"") | D69: =IF($I69>0,VLOOKUP(I69,'Lista de Precios'!$A$3:$H$2883,3,0),"") | E69: =IF($I69>0,VLOOKUP(I69,'Lista de Precios'!$A$3:$H$2883,6,0),"") | F69: =IF($I69>0,VLOOKUP(I69,'Lista de Precios'!$A$3:$H$2883,8,0),"") | G69: =IF(AN69="","",AN69*1.87) | H69: 0 | J69: =+E69 | AM69: =+IF(I69>0,SUM(L69:AL69),0) -> 0 | AN69: =+IF($I69>0,VLOOKUP($I69,'Lista de Precios'!$A$3:$H$2883,4,0),"") | AO69: =+IF(AM69>0,AN69*AM69,"") | AP69: =IF($I69>0,VLOOKUP($I69,'Lista de Precios'!$A$3:$K$2883,10,0),"") | AQ69: =IF($I69>0,VLOOKUP($I69,'Lista de Precios'!$A$3:$M$49893,13,0),"") | XEO69: =+IF($AQ69=$XEO$13,$AM69,"") | XEP69: =+IF($AQ69=$XEP$13,$AM69,"") | XEQ69: =+IF($AQ69=$XEQ$13,$AM69,"") | XER69: =+IF($AQ69=$XER$13,$AM69,"")
... A111: =IF($I111>0,VLOOKUP(I111,'Lista de Precios'!$A$3:$L$2883,9,0),0) -> 0 | B111: =IF($I111>0,VLOOKUP(I111,'Lista de Precios'!$A$3:$H$2883,7,0),0) -> 0 | C111: =IF($I111>0,VLOOKUP(I111,'Lista de Precios'!$A$3:$H$2883,2,0),"") | D111: =IF($I111>0,VLOOKUP(I111,'Lista de Precios'!$A$3:$H$2883,3,0),"") | E111: =IF($I111>0,VLOOKUP(I111,'Lista de Precios'!$A$3:$H$2883,6,0),"") | F111: =IF($I111>0,VLOOKUP(I111,'Lista de Precios'!$A$3:$H$2883,8,0),"") | G111: =IF(AN111="","",AN111*1.87) | H111: 0 | J111: =+E111 | AM111: =+IF(I111>0,SUM(L111:AL111),0) -> 0 | AN111: =+IF($I111>0,VLOOKUP($I111,'Lista de Precios'!$A$3:$H$2883,4,0),"") | AO111: =+IF(AM111>0,AN111*AM111,"") | AP111: =IF($I111>0,VLOOKUP($I111,'Lista de Precios'!$A$3:$K$2883,10,0),"") | AQ111: =IF($I111>0,VLOOKUP($I111,'Lista de Precios'!$A$3:$M$49893,13,0),"") | XEO111: =+IF($AQ111=$XEO$13,$AM111,"") | XEP111: =+IF($AQ111=$XEP$13,$AM111,"") | XEQ111: =+IF($AQ111=$XEQ$13,$AM111,"") | XER111: =+IF($AQ111=$XER$13,$AM111,"")
AQ112: =IF($I112>0,VLOOKUP($I112,'Lista de Precios'!$A$3:$M$49893,13,0),"")
AQ113: =IF($I113>0,VLOOKUP($I113,'Lista de Precios'!$A$3:$M$49893,13,0),"")
AQ114: =IF($I114>0,VLOOKUP($I114,'Lista de Precios'!$A$3:$M$49893,13,0),"")
AQ115: =IF($I115>0,VLOOKUP($I115,'Lista de Precios'!$A$3:$M$49893,13,0),"")
AQ116: =IF($I116>0,VLOOKUP($I116,'Lista de Precios'!$A$3:$M$49893,13,0),"")
AQ117: =IF($I117>0,VLOOKUP($I117,'Lista de Precios'!$A$3:$M$49893,13,0),"")
AQ118: =IF($I118>0,VLOOKUP($I118,'Lista de Precios'!$A$3:$M$49893,13,0),"")
AQ119: =IF($I119>0,VLOOKUP($I119,'Lista de Precios'!$A$3:$M$49893,13,0),"")
AQ120: =IF($I120>0,VLOOKUP($I120,'Lista de Precios'!$A$3:$M$49893,13,0),"")
AQ121: =IF($I121>0,VLOOKUP($I121,'Lista de Precios'!$A$3:$M$49893,13,0),"")
AQ122: =IF($I122>0,VLOOKUP($I122,'Lista de Precios'!$A$3:$M$49893,13,0),"")
AQ123: =IF($I123>0,VLOOKUP($I123,'Lista de Precios'!$A$3:$M$49893,13,0),"")
... AQ227: =IF($I227>0,VLOOKUP($I227,'Lista de Precios'!$A$3:$M$49893,13,0),"")

Sheet FEB 26
C1: =+'ENE 26'!$C$1 -> NOTA DE PEDIDO - 1° SEMESTRE 2026 (Enero - Junio)
C3: Clase | D3: ZPR
C5: Razon Social | D5: =+IF(D7="","",(VLOOKUP(D7,AUX!$A$1:$B$5610,2,FALSE)))
C7: N° Cliente | I7: TOTALES
D9: =+AUX!J4 -> FEB 2026 | I9: Pares | J9: =+AM9 -> 264 | L9: $ | M9: =+AO9 -> 9563422.5 | AM9: =SUM(AM14:AM100) -> 264 | AO9: =SUM(AO14:AO100) -> 9563422.5
H11: NRO | J11: MES | K11: 1 | L11: 200 | M11: 210 | N11: 220 | O11: 230 | P11: 240 | Q11: 250 | R11: 260 | S11: 270 | T11: 280 | U11: 290 | V11: 300 | W11: 310 | X11: 320 | Y11: 330 | Z11: 340 | AA11: 350 | AB11: 360 | AC11: 370 | AD11: 380 | AE11: 390 | AF11: 400 | AG11: 410 | AH11: 420 | AI11: 430 | AJ11: 440 | AK11: 450 | AL11: 460 | AM11: CANT | AN11: Precio | AO11: $
H12: ARTICULO | J12: LANZAMIENTO | K12: 2 | AM12: TOTAL | AN12: Lista | AO12: TOTAL | XEO12: =+SUM(XEO14:XEO94) -> 12 | XEP12: =+SUM(XEP14:XEP94) -> 0 | XEQ12: =+SUM(XEQ14:XEQ94) -> 0 | XER12: =+SUM(XER14:XER94) -> 142
A13: GENERO | C13: MODELO | D13: COLOR | E13: DISPONIBILIDAD | F13: TALLES | G13: PVP | AP13: CATEGORIA | AQ13: MIX CALZ | XEO13: CASUAL | XEP13: RUN/TRA | XEQ13: MULTI | XER13: KIDS
A14: =IF($I14>0,VLOOKUP(I14,'Lista de Precios'!$A$3:$L$2883,9,0),0) -> Mujer | B14: =IF($I14>0,VLOOKUP(I14,'Lista de Precios'!$A$3:$H$2883,7,0),0) -> LANZ | C14: =IF($I14>0,VLOOKUP(I14,'Lista de Precios'!$A$3:$H$2883,2,0),"") -> NEBULA | D14: =IF($I14>0,VLOOKUP($I14,'Lista de Precios'!$A$3:$H$2883,3,0),"") -> NEGRO/BEIGE ALESAN/NARANJA DUSTY | E14: =IF($I14>0,VLOOKUP(I14,'Lista de Precios'!$A$3:$H$2883,6,0),"") -> FEBRERO | F14: =IF($I14>0,VLOOKUP(I14,'Lista de Precios'!$A$3:$H$2883,8,0),"") -> 35 AL 40 | G14: =IF(AN14="","",AN14*1.87) -> 94900 | H14: 0 | I14: 52398 | J14: =+E14 -> FEBRERO | K14: =+IF($I14>0,VLOOKUP($I14,'Lista de Precios'!$A$3:$H$2883,5,0),0) -> 1 | AC14: 2 | AD14: 4 | AE14: 4 | AF14: 2 | AM14: =+IF(I14>0,SUM(L14:AL14),0) -> 12 | AN14: =+IF($I14>0,VLOOKUP($I14,'Lista de Precios'!$A$3:$H$2883,4,0),"") -> 50748.663 | AO14: =+IF(AM14>0,AN14*AM14,"") -> 608983.96 | AP14: =IF($I14>0,VLOOKUP($I14,'Lista de Precios'!$A$3:$K$2883,10,0),"") -> Running | AQ14: =IF($I14>0,VLOOKUP($I14,'Lista de Precios'!$A$3:$M$4893,13,0),"") -> Running+Training | XEO14: =+IF($AQ14=$XEO$13,$AM14,"") | XEP14: =+IF($AQ14=$XEP$13,$AM14,"") | XEQ14: =+IF($AQ14=$XEQ$13,$AM14,"") | XER14: =+IF($AQ14=$XER$13,$AM14,"")
A15: =IF($I15>0,VLOOKUP(I15,'Lista de Precios'!$A$3:$L$2883,9,0),0) -> Hombre | B15: =IF($I15>0,VLOOKUP(I15,'Lista de Precios'!$A$3:$H$2883,7,0),0) -> LANZ | C15: =IF($I15>0,VLOOKUP(I15,'Lista de Precios'!$A$3:$H$2883,2,0),"") -> NEBULA | D15: =IF($I15>0,VLOOKUP(I15,'Lista de Precios'!$A$3:$H$2883,3,0),"") -> GRIS MAGNET/GRIS SKY/VERDE GECKO | E15: =IF($I15>0,VLOOKUP(I15,'Lista de Precios'!$A$3:$H$2883,6,0),"") -> FEBRERO | F15: =IF($I15>0,VLOOKUP(I15,'Lista de Precios'!$A$3:$H$2883,8,0),"") -> 35 AL 45 | G15: =IF(AN15="","",AN15*1.87) -> 94900 | H15: 0 | I15: 52397 | J15: =+E15 -> FEBRERO | K15: =+IF($I15>0,VLOOKUP($I15,'Lista de Precios'!$A$3:$H$2883,5,0),0) -> 1 | AE15: 2 | AF15: 2 | AG15: 4 | AH15: 2 | AI15: 2 | AJ15: 2 | AK15: 2 | AM15: =+IF(I15>0,SUM(L15:AL15),0) -> 16 | AN15: =+IF($I15>0,VLOOKUP($I15,'Lista de Precios'!$A$3:$H$2883,4,0),"") -> 50748.663 | AO15: =+IF(AM15>0,AN15*AM15,"") -> 811978.61 | AP15: =IF($I15>0,VLOOKUP($I15,'Lista de Precios'!$A$3:$K$2883,10,0),"") -> Running | AQ15: =IF($I15>0,VLOOKUP($I15,'Lista de Precios'!$A$3:$M$4893,13,0),"") -> Running+Training | XEO15: =+IF($AQ15=$XEO$13,$AM15,"") | XEP15: =+IF($AQ15=$XEP$13,$AM15,"") | XEQ15: =+IF($AQ15=$XEQ$13,$AM15,"") | XER15: =+IF($AQ15=$XER$13,$AM15,"")
A16: =IF($I16>0,VLOOKUP(I16,'Lista de Precios'!$A$3:$L$2883,9,0),0) -> Mujer | B16: =IF($I16>0,VLOOKUP(I16,'Lista de Precios'!$A$3:$H$2883,7,0),0) -> CONT | C16: =IF($I16>0,VLOOKUP(I16,'Lista de Precios'!$A$3:$H$2883,2,0),"") -> FAST 2.0 | D16: =IF($I16>0,VLOOKUP(I16,'Lista de Precios'!$A$3:$H$2883,3,0),"") -> NEGRO/DORADO | E16: =IF($I16>0,VLOOKUP(I16,'Lista de Precios'!$A$3:$H$2883,6,0),"") -> FEBRERO | F16: =IF($I16>0,VLOOKUP(I16,'Lista de Precios'!$A$3:$H$2883,8,0),"") -> 35 AL 40 | G16: =IF(AN16="","",AN16*1.87) -> 74900 | H16: 0 | I16: 26443 | J16: =+E16 -> FEBRERO | K16: =+IF($I16>0,VLOOKUP($I16,'Lista de Precios'!$A$3:$H$2883,5,0),0) -> 1 | AA16: 2 | AB16: 4 | AC16: 12 | AD16: 12 | AE16: 6 | AF16: 8 | AM16: =+IF(I16>0,SUM(L16:AL16),0) -> 44 | AN16: =+IF($I16>0,VLOOKUP($I16,'Lista de Precios'!$A$3:$H$2883,4,0),"") -> 40053.476 | AO16: =+IF(AM16>0,AN16*AM16,"") -> 1762352.9 | AP16: =IF($I16>0,VLOOKUP($I16,'Lista de Precios'!$A$3:$K$2883,10,0),"") -> Running | AQ16: =IF($I16>0,VLOOKUP($I16,'Lista de Precios'!$A$3:$M$4893,13,0),"") -> Running+Training | XEO16: =+IF($AQ16=$XEO$13,$AM16,"") | XEP16: =+IF($AQ16=$XEP$13,$AM16,"") | XEQ16: =+IF($AQ16=$XEQ$13,$AM16,"") | XER16: =+IF($AQ16=$XER$13,$AM16,"")
A17: =IF($I17>0,VLOOKUP(I17,'Lista de Precios'!$A$3:$L$2883,9,0),0) -> Hombre | B17: =IF($I17>0,VLOOKUP(I17,'Lista de Precios'!$A$3:$H$2883,7,0),0) -> CONT | C17: =IF($I17>0,VLOOKUP(I17,'Lista de Precios'!$A$3:$H$2883,2,0),"") -> WIND 5 | D17: =IF($I17>0,VLOOKUP(I17,'Lista de Precios'!$A$3:$H$2883,3,0),"") -> NEGRO/GRIS | E17: =IF($I17>0,VLOOKUP(I17,'Lista de Precios'!$A$3:$H$2883,6,0),"") -> ENERO | F17: =IF($I17>0,VLOOKUP(I17,'Lista de Precios'!$A$3:$H$2883,8,0),"") -> 35 AL 45 | G17: =IF(AN17="","",AN17*1.87) -> 68900 | H17: 0 | I17: 25787 | J17: =+E17 -> ENERO | K17: =+IF($I17>0,VLOOKUP($I17,'Lista de Precios'!$A$3:$H$2883,5,0),0) -> 1 | AD17: 6 | AE17: 6 | AF17: 6 | AM17: =+IF(I17>0,SUM(L17:AL17),0) -> 18 | AN17: =+IF($I17>0,VLOOKUP($I17,'Lista de Precios'!$A$3:$H$2883,4,0),"") -> 36844.92 | AO17: =+IF(AM17>0,AN17*AM17,"") -> 663208.56 | AP17: =IF($I17>0,VLOOKUP($I17,'Lista de Precios'!$A$3:$K$2883,10,0),"") -> Running | AQ17: =IF($I17>0,VLOOKUP($I17,'Lista de Precios'!$A$3:$M$4893,13,0),"") -> Running+Training | XEO17: =+IF($AQ17=$XEO$13,$AM17,"") | XEP17: =+IF($AQ17=$XEP$13,$AM17,"") | XEQ17: =+IF($AQ17=$XEQ$13,$AM17,"") | XER17: =+IF($AQ17=$XER$13,$AM17,"")
A18: =IF($I18>0,VLOOKUP(I18,'Lista de Precios'!$A$3:$L$2883,9,0),0) -> Unisex | B18: =IF($I18>0,VLOOKUP(I18,'Lista de Precios'!$A$3:$H$2883,7,0),0) -> CONT | C18: =IF($I18>0,VLOOKUP(I18,'Lista de Precios'!$A$3:$H$2883,2,0),"") -> SENDAI | D18: =IF($I18>0,VLOOKUP(I18,'Lista de Precios'!$A$3:$H$2883,3,0),"") -> MORN/ETHEREA | E18: =IF($I18>0,VLOOKUP(I18,'Lista de Precios'!$A$3:$H$2883,6,0),"") -> ENERO | F18: =IF($I18>0,VLOOKUP(I18,'Lista de Precios'!$A$3:$H$2883,8,0),"") -> 35 AL 45 | G18: =IF(AN18="","",AN18*1.87) -> 73900 | H18: 0 | I18: 26902 | J18: =+E18 -> ENERO | K18: =+IF($I18>0,VLOOKUP($I18,'Lista de Precios'!$A$3:$H$2883,5,0),0) -> 1 | AC18: 2 | AD18: 4 | AE18: 4 | AF18: 2 | AM18: =+IF(I18>0,SUM(L18:AL18),0) -> 12 | AN18: =+IF($I18>0,VLOOKUP($I18,'Lista de Precios'!$A$3:$H$2883,4,0),"") -> 39518.717 | AO18: =+IF(AM18>0,AN18*AM18,"") -> 474224.6 | AP18: =IF($I18>0,VLOOKUP($I18,'Lista de Precios'!$A$3:$K$2883,10,0),"") -> Casual | AQ18: =IF($I18>0,VLOOKUP($I18,'Lista de Precios'!$A$3:$M$4893,13,0),"") -> Casual | XEO18: =+IF($AQ18=$XEO$13,$AM18,"") -> 12 | XEP18: =+IF($AQ18=$XEP$13,$AM18,"") | XEQ18: =+IF($AQ18=$XEQ$13,$AM18,"") | XER18: =+IF($AQ18=$XER$13,$AM18,"")
A19: =IF($I19>0,VLOOKUP(I19,'Lista de Precios'!$A$3:$L$2883,9,0),0) -> Kids | B19: =IF($I19>0,VLOOKUP(I19,'Lista de Precios'!$A$3:$H$2883,7,0),0) -> CONT | C19: =IF($I19>0,VLOOKUP(I19,'Lista de Precios'!$A$3:$H$2883,2,0),"") -> ITEN KIDS | D19: =IF($I19>0,VLOOKUP(I19,'Lista de Precios'!$A$3:$H$2883,3,0),"") -> NEGRO / VERDE WAVE | E19: =IF($I19>0,VLOOKUP(I19,'Lista de Precios'!$A$3:$H$2883,6,0),"") -> ENERO | F19: =IF($I19>0,VLOOKUP(I19,'Lista de Precios'!$A$3:$H$2883,8,0),"") -> 25 AL 34 | G19: =IF(AN19="","",AN19*1.87) -> 61900 | H19: 0 | I19: 89578 | J19: =+E19 -> ENERO | K19: =+IF($I19>0,VLOOKUP($I19,'Lista de Precios'!$A$3:$H$2883,5,0),0) -> 1 | R19: 4 | T19: 4 | V19: 6 | W19: 4 | X19: 4 | Y19: 2 | Z19: 2 | AM19: =+IF(I19>0,SUM(L19:AL19),0) -> 26 | AN19: =+IF($I19>0,VLOOKUP($I19,'Lista de Precios'!$A$3:$H$2883,4,0),"") -> 33101.604 | AO19: =+IF(AM19>0,AN19*AM19,"") -> 860641.71 | AP19: =IF($I19>0,VLOOKUP($I19,'Lista de Precios'!$A$3:$K$2883,10,0),"") -> Running | AQ19: =IF($I19>0,VLOOKUP($I19,'Lista de Precios'!$A$3:$M$4893,13,0),"") -> Kids | XEO19: =+IF($AQ19=$XEO$13,$AM19,"") | XEP19: =+IF($AQ19=$XEP$13,$AM19,"") | XEQ19: =+IF($AQ19=$XEQ$13,$AM19,"") | XER19: =+IF($AQ19=$XER$13,$AM19,"") -> 26
A20: =IF($I20>0,VLOOKUP(I20,'Lista de Precios'!$A$3:$L$2883,9,0),0) -> Kids | B20: =IF($I20>0,VLOOKUP(I20,'Lista de Precios'!$A$3:$H$2883,7,0),0) -> CONT | C20: =IF($I20>0,VLOOKUP(I20,'Lista de Precios'!$A$3:$H$2883,2,0),"") -> WIND IV MESH KIDS | D20: =IF($I20>0,VLOOKUP(I20,'Lista de Precios'!$A$3:$H$2883,3,0),"") -> NEGRO / BLANCO | E20: =IF($I20>0,VLOOKUP(I20,'Lista de Precios'!$A$3:$H$2883,6,0),"") -> FEBRERO | F20: =IF($I20>0,VLOOKUP(I20,'Lista de Precios'!$A$3:$H$2883,8,0),"") -> 25 AL 34 | G20: =IF(AN20="","",AN20*1.87) -> 57900 | H20: 0 | I20: 52407 | J20: =+E20 -> FEBRERO | K20: =+IF($I20>0,VLOOKUP($I20,'Lista de Precios'!$A$3:$H$2883,5,0),0) -> 1 | R20: 4 | T20: 6 | U20: 6 | V20: 8 | W20: 4 | X20: 2 | Z20: 2 | AM20: =+IF(I20>0,SUM(L20:AL20),0) -> 32 | AN20: =+IF($I20>0,VLOOKUP($I20,'Lista de Precios'!$A$3:$H$2883,4,0),"") -> 30962.567 | AO20: =+IF(AM20>0,AN20*AM20,"") -> 990802.14 | AP20: =IF($I20>0,VLOOKUP($I20,'Lista de Precios'!$A$3:$K$2883,10,0),"") -> Running | AQ20: =IF($I20>0,VLOOKUP($I20,'Lista de Precios'!$A$3:$M$4893,13,0),"") -> Kids | XEO20: =+IF($AQ20=$XEO$13,$AM20,"") | XEP20: =+IF($AQ20=$XEP$13,$AM20,"") | XEQ20: =+IF($AQ20=$XEQ$13,$AM20,"") | XER20: =+IF($AQ20=$XER$13,$AM20,"") -> 32
A21: =IF($I21>0,VLOOKUP(I21,'Lista de Precios'!$A$3:$L$2883,9,0),0) -> Kids | B21: =IF($I21>0,VLOOKUP(I21,'Lista de Precios'!$A$3:$H$2883,7,0),0) -> CONT | C21: =IF($I21>0,VLOOKUP(I21,'Lista de Precios'!$A$3:$H$2883,2,0),"") -> WIND IV MESH KIDS | D21: =IF($I21>0,VLOOKUP(I21,'Lista de Precios'!$A$3:$H$2883,3,0),"") -> ROSA / NEGRO | E21: =IF($I21>0,VLOOKUP(I21,'Lista de Precios'!$A$3:$H$2883,6,0),"") -> FEBRERO | F21: =IF($I21>0,VLOOKUP(I21,'Lista de Precios'!$A$3:$H$2883,8,0),"") -> 25 AL 34 | G21: =IF(AN21="","",AN21*1.87) -> 57900 | H21: 0 | I21: 52409 | J21: =+E21 -> FEBRERO | K21: =+IF($I21>0,VLOOKUP($I21,'Lista de Precios'!$A$3:$H$2883,5,0),0) -> 1 | R21: 2 | T21: 2 | U21: 2 | V21: 2 | AM21: =+IF(I21>0,SUM(L21:AL21),0) -> 8 | AN21: =+IF($I21>0,VLOOKUP($I21,'Lista de Precios'!$A$3:$H$2883,4,0),"") -> 30962.567 | AO21: =+IF(AM21>0,AN21*AM21,"") -> 247700.53 | AP21: =IF($I21>0,VLOOKUP($I21,'Lista de Precios'!$A$3:$K$2883,10,0),"") -> Running | AQ21: =IF($I21>0,VLOOKUP($I21,'Lista de Precios'!$A$3:$M$4893,13,0),"") -> Kids | XEO21: =+IF($AQ21=$XEO$13,$AM21,"") | XEP21: =+IF($AQ21=$XEP$13,$AM21,"") | XEQ21: =+IF($AQ21=$XEQ$13,$AM21,"") | XER21: =+IF($AQ21=$XER$13,$AM21,"") -> 8
A22: =IF($I22>0,VLOOKUP(I22,'Lista de Precios'!$A$3:$L$2883,9,0),0) -> Kids | B22: =IF($I22>0,VLOOKUP(I22,'Lista de Precios'!$A$3:$H$2883,7,0),0) -> CONT | C22: =IF($I22>0,VLOOKUP(I22,'Lista de Precios'!$A$3:$H$2883,2,0),"") -> ZURICH III KIDS | D22: =IF($I22>0,VLOOKUP(I22,'Lista de Precios'!$A$3:$H$2883,3,0),"") -> NEGRO | E22: =IF($I22>0,VLOOKUP(I22,'Lista de Precios'!$A$3:$H$2883,6,0),"") -> ENERO | F22: =IF($I22>0,VLOOKUP(I22,'Lista de Precios'!$A$3:$H$2883,8,0),"") -> 25 AL 34 | G22: =IF(AN22="","",AN22*1.87) -> 52900 | H22: 0 | I22: 26320 | J22: =+E22 -> ENERO | K22: =+IF($I22>0,VLOOKUP($I22,'Lista de Precios'!$A$3:$H$2883,5,0),0) -> 1 | S22: 2 | T22: 2 | U22: 2 | V22: 6 | W22: 4 | X22: 2 | Y22: 2 | Z22: 2 | AM22: =+IF(I22>0,SUM(L22:AL22),0) -> 22 | AN22: =+IF($I22>0,VLOOKUP($I22,'Lista de Precios'!$A$3:$H$2883,4,0),"") -> 28288.77 | AO22: =+IF(AM22>0,AN22*AM22,"") -> 622352.94 | AP22: =IF($I22>0,VLOOKUP($I22,'Lista de Precios'!$A$3:$K$2883,10,0),"") -> Running | AQ22: =IF($I22>0,VLOOKUP($I22,'Lista de Precios'!$A$3:$M$4893,13,0),"") -> Kids | XEO22: =+IF($AQ22=$XEO$13,$AM22,"") | XEP22: =+IF($AQ22=$XEP$13,$AM22,"") | XEQ22: =+IF($AQ22=$XEQ$13,$AM22,"") | XER22: =+IF($AQ22=$XER$13,$AM22,"") -> 22
A23: =IF($I23>0,VLOOKUP(I23,'Lista de Precios'!$A$3:$L$2883,9,0),0) -> Kids | B23: =IF($I23>0,VLOOKUP(I23,'Lista de Precios'!$A$3:$H$2883,7,0),0) -> CONT | C23: =IF($I23>0,VLOOKUP(I23,'Lista de Precios'!$A$3:$H$2883,2,0),"") -> ZURICH III KIDS | D23: =IF($I23>0,VLOOKUP(I23,'Lista de Precios'!$A$3:$H$2883,3,0),"") -> BLANCO / MARINO | E23: =IF($I23>0,VLOOKUP(I23,'Lista de Precios'!$A$3:$H$2883,6,0),"") -> ENERO | F23: =IF($I23>0,VLOOKUP(I23,'Lista de Precios'!$A$3:$H$2883,8,0),"") -> 25 AL 34 | G23: =IF(AN23="","",AN23*1.87) -> 52900 | H23: 0 | I23: 26325 | J23: =+E23 -> ENERO | K23: =+IF($I23>0,VLOOKUP($I23,'Lista de Precios'!$A$3:$H$2883,5,0),0) -> 1 | S23: 2 | T23: 2 | U23: 2 | V23: 4 | W23: 2 | X23: 2 | AM23: =+IF(I23>0,SUM(L23:AL23),0) -> 14 | AN23: =+IF($I23>0,VLOOKUP($I23,'Lista de Precios'!$A$3:$H$2883,4,0),"") -> 28288.77 | AO23: =+IF(AM23>0,AN23*AM23,"") -> 396042.78 | AP23: =IF($I23>0,VLOOKUP($I23,'Lista de Precios'!$A$3:$K$2883,10,0),"") -> Running | AQ23: =IF($I23>0,VLOOKUP($I23,'Lista de Precios'!$A$3:$M$4893,13,0),"") -> Kids | XEO23: =+IF($AQ23=$XEO$13,$AM23,"") | XEP23: =+IF($AQ23=$XEP$13,$AM23,"") | XEQ23: =+IF($AQ23=$XEQ$13,$AM23,"") | XER23: =+IF($AQ23=$XER$13,$AM23,"") -> 14
A24: =IF($I24>0,VLOOKUP(I24,'Lista de Precios'!$A$3:$L$2883,9,0),0) -> Kids | B24: =IF($I24>0,VLOOKUP(I24,'Lista de Precios'!$A$3:$H$2883,7,0),0) -> CONT | C24: =IF($I24>0,VLOOKUP(I24,'Lista de Precios'!$A$3:$H$2883,2,0),"") -> ZURICH III KIDS | D24: =IF($I24>0,VLOOKUP(I24,'Lista de Precios'!$A$3:$H$2883,3,0),"") -> BLANCO / FUCSIA | E24: =IF($I24>0,VLOOKUP(I24,'Lista de Precios'!$A$3:$H$2883,6,0),"") -> ENERO | F24: =IF($I24>0,VLOOKUP(I24,'Lista de Precios'!$A$3:$H$2883,8,0),"") -> 25 AL 34 | G24: =IF(AN24="","",AN24*1.87) -> 52900 | H24: 0 | I24: 26324 | J24: =+E24 -> ENERO | K24: =+IF($I24>0,VLOOKUP($I24,'Lista de Precios'!$A$3:$H$2883,5,0),0) -> 1 | S24: 2 | T24: 2 | U24: 2 | V24: 2 | W24: 2 | X24: 2 | AM24: =+IF(I24>0,SUM(L24:AL24),0) -> 12 | AN24: =+IF($I24>0,VLOOKUP($I24,'Lista de Precios'!$A$3:$H$2883,4,0),"") -> 28288.77 | AO24: =+IF(AM24>0,AN24*AM24,"") -> 339465.24 | AP24: =IF($I24>0,VLOOKUP($I24,'Lista de Precios'!$A$3:$K$2883,10,0),"") -> Running | AQ24: =IF($I24>0,VLOOKUP($I24,'Lista de Precios'!$A$3:$M$4893,13,0),"") -> Kids | XEO24: =+IF($AQ24=$XEO$13,$AM24,"") | XEP24: =+IF($AQ24=$XEP$13,$AM24,"") | XEQ24: =+IF($AQ24=$XEQ$13,$AM24,"") | XER24: =+IF($AQ24=$XER$13,$AM24,"") -> 12
A26: =IF($I26>0,VLOOKUP(I26,'Lista de Precios'!$A$3:$L$2883,9,0),0) -> Mujer | B26: =IF($I26>0,VLOOKUP(I26,'Lista de Precios'!$A$3:$H$2883,7,0),0) -> CONT | C26: =IF($I26>0,VLOOKUP(I26,'Lista de Precios'!$A$3:$H$2883,2,0),"") -> DRIVE 2 | D26: =IF($I26>0,VLOOKUP(I26,'Lista de Precios'!$A$3:$H$2883,3,0),"") -> ROSA HUSH/ROSA SHAPE | E26: =IF($I26>0,VLOOKUP(I26,'Lista de Precios'!$A$3:$H$2883,6,0),"") -> ENERO | F26: =IF($I26>0,VLOOKUP(I26,'Lista de Precios'!$A$3:$H$2883,8,0),"") -> 35 AL 40 | G26: =IF(AN26="","",AN26*1.87) -> 78900 | H26: 0 | I26: 26448 | J26: =+E26 -> ENERO | K26: =+IF($I26>0,VLOOKUP($I26,'Lista de Precios'!$A$3:$H$2883,5,0),0) -> 1 | AC26: 4 | AD26: 6 | AE26: 2 | AF26: 8 | AM26: =+IF(I26>0,SUM(L26:AL26),0) -> 20 | AN26: =+IF($I26>0,VLOOKUP($I26,'Lista de Precios'!$A$3:$H$2883,4,0),"") -> 42192.513 | AO26: =+IF(AM26>0,AN26*AM26,"") -> 843850.27 | AP26: =IF($I26>0,VLOOKUP($I26,'Lista de Precios'!$A$3:$K$2883,10,0),"") -> Training | AQ26: =IF($I26>0,VLOOKUP($I26,'Lista de Precios'!$A$3:$M$4893,13,0),"") -> Running+Training | XEO26: =+IF($AQ26=$XEO$13,$AM26,"") | XEP26: =+IF($AQ26=$XEP$13,$AM26,"") | XEQ26: =+IF($AQ26=$XEQ$13,$AM26,"") | XER26: =+IF($AQ26=$XER$13,$AM26,"")
A27: =IF($I27>0,VLOOKUP(I27,'Lista de Precios'!$A$3:$L$2883,9,0),0) -> 0 | B27: =IF($I27>0,VLOOKUP(I27,'Lista de Precios'!$A$3:$H$2883,7,0),0) -> 0 | C27: =IF($I27>0,VLOOKUP(I27,'Lista de Precios'!$A$3:$H$2883,2,0),"") | D27: =IF($I27>0,VLOOKUP(I27,'Lista de Precios'!$A$3:$H$2883,3,0),"") | E27: =IF($I27>0,VLOOKUP(I27,'Lista de Precios'!$A$3:$H$2883,6,0),"") | F27: =IF($I27>0,VLOOKUP(I27,'Lista de Precios'!$A$3:$H$2883,8,0),"") | G27: =IF(AN27="","",AN27*1.87) | H27: 0 | J27: =+E27 | K27: =+IF($I27>0,VLOOKUP($I27,'Lista de Precios'!$A$3:$H$2883,5,0),0) -> 0 | AM27: =+IF(I27>0,SUM(L27:AL27),0) -> 0 | AN27: =+IF($I27>0,VLOOKUP($I27,'Lista de Precios'!$A$3:$H$2883,4,0),"") | AO27: =+IF(AM27>0,AN27*AM27,"") | AP27: =IF($I27>0,VLOOKUP($I27,'Lista de Precios'!$A$3:$K$2883,10,0),"") | AQ27: =IF($I27>0,VLOOKUP($I27,'Lista de Precios'!$A$3:$M$4893,13,0),"") | XEO27: =+IF($AQ27=$XEO$13,$AM27,"") | XEP27: =+IF($AQ27=$XEP$13,$AM27,"") | XEQ27: =+IF($AQ27=$XEQ$13,$AM27,"") | XER27: =+IF($AQ27=$XER$13,$AM27,"")
A28: =IF($I28>0,VLOOKUP(I28,'Lista de Precios'!$A$3:$L$2883,9,0),0) -> Kids | B28: =IF($I28>0,VLOOKUP(I28,'Lista de Precios'!$A$3:$H$2883,7,0),0) -> CONT | C28: =IF($I28>0,VLOOKUP(I28,'Lista de Precios'!$A$3:$H$2883,2,0),"") -> GONDOR III KIDS | D28: =IF($I28>0,VLOOKUP(I28,'Lista de Precios'!$A$3:$H$2883,3,0),"") -> NEGRO / BLANCO | E28: =IF($I28>0,VLOOKUP(I28,'Lista de Precios'!$A$3:$H$2883,6,0),"") -> ENERO | F28: =IF($I28>0,VLOOKUP(I28,'Lista de Precios'!$A$3:$H$2883,8,0),"") -> 25 AL 34 | G28: =IF(AN28="","",AN28*1.87) -> 62900 | H28: 0 | I28: 25600 | J28: =+E28 -> ENERO | K28: =+IF($I28>0,VLOOKUP($I28,'Lista de Precios'!$A$3:$H$2883,5,0),0) -> 1 | Q28: 2 | R28: 2 | S28: 4 | T28: 4 | U28: 2 | V28: 4 | W28: 2 | X28: 2 | Y28: 2 | Z28: 4 | AM28: =+IF(I28>0,SUM(L28:AL28),0) -> 28 | AN28: =+IF($I28>0,VLOOKUP($I28,'Lista de Precios'!$A$3:$H$2883,4,0),"") -> 33636.364 | AO28: =+IF(AM28>0,AN28*AM28,"") -> 941818.18 | AP28: =IF($I28>0,VLOOKUP($I28,'Lista de Precios'!$A$3:$K$2883,10,0),"") -> Outdoor | AQ28: =IF($I28>0,VLOOKUP($I28,'Lista de Precios'!$A$3:$M$4893,13,0),"") -> Kids | XEO28: =+IF($AQ28=$XEO$13,$AM28,"") | XEP28: =+IF($AQ28=$XEP$13,$AM28,"") | XEQ28: =+IF($AQ28=$XEQ$13,$AM28,"") | XER28: =+IF($AQ28=$XER$13,$AM28,"") -> 28
A29: =IF($I29>0,VLOOKUP(I29,'Lista de Precios'!$A$3:$L$2883,9,0),0) -> 0 | B29: =IF($I29>0,VLOOKUP(I29,'Lista de Precios'!$A$3:$H$2883,7,0),0) -> 0 | C29: =IF($I29>0,VLOOKUP(I29,'Lista de Precios'!$A$3:$H$2883,2,0),"") | D29: =IF($I29>0,VLOOKUP(I29,'Lista de Precios'!$A$3:$H$2883,3,0),"") | E29: =IF($I29>0,VLOOKUP(I29,'Lista de Precios'!$A$3:$H$2883,6,0),"") | F29: =IF($I29>0,VLOOKUP(I29,'Lista de Precios'!$A$3:$H$2883,8,0),"") | G29: =IF(AN29="","",AN29*1.87) | H29: 0 | J29: =+E29 | K29: =+IF($I29>0,VLOOKUP($I29,'Lista de Precios'!$A$3:$H$2883,5,0),0) -> 0 | AM29: =+IF(I29>0,SUM(L29:AL29),0) -> 0 | AN29: =+IF($I29>0,VLOOKUP($I29,'Lista de Precios'!$A$3:$H$2883,4,0),"") | AO29: =+IF(AM29>0,AN29*AM29,"") | AP29: =IF($I29>0,VLOOKUP($I29,'Lista de Precios'!$A$3:$K$2883,10,0),"") | AQ29: =IF($I29>0,VLOOKUP($I29,'Lista de Precios'!$A$3:$M$4893,13,0),"") | XEO29: =+IF($AQ29=$XEO$13,$AM29,"") | XEP29: =+IF($AQ29=$XEP$13,$AM29,"") | XEQ29: =+IF($AQ29=$XEQ$13,$AM29,"") | XER29: =+IF($AQ29=$XER$13,$AM29,"")
A30: =IF($I30>0,VLOOKUP(I30,'Lista de Precios'!$A$3:$L$2883,9,0),0) -> 0 | B30: =IF($I30>0,VLOOKUP(I30,'Lista de Precios'!$A$3:$H$2883,7,0),0) -> 0 | C30: =IF($I30>0,VLOOKUP(I30,'Lista de Precios'!$A$3:$H$2883,2,0),"") | D30: =IF($I30>0,VLOOKUP(I30,'Lista de Precios'!$A$3:$H$2883,3,0),"") | E30: =IF($I30>0,VLOOKUP(I30,'Lista de Precios'!$A$3:$H$2883,6,0),"") | F30: =IF($I30>0,VLOOKUP(I30,'Lista de Precios'!$A$3:$H$2883,8,0),"") | G30: =IF(AN30="","",AN30*1.87) | H30: 0 | J30: =+E30 | K30: =+IF($I30>0,VLOOKUP($I30,'Lista de Precios'!$A$3:$H$2883,5,0),0) -> 0 | AM30: =+IF(I30>0,SUM(L30:AL30),0) -> 0 | AN30: =+IF($I30>0,VLOOKUP($I30,'Lista de Precios'!$A$3:$H$2883,4,0),"") | AO30: =+IF(AM30>0,AN30*AM30,"") | AP30: =IF($I30>0,VLOOKUP($I30,'Lista de Precios'!$A$3:$K$2883,10,0),"") | AQ30: =IF($I30>0,VLOOKUP($I30,'Lista de Precios'!$A$3:$M$4893,13,0),"") | XEO30: =+IF($AQ30=$XEO$13,$AM30,"") | XEP30: =+IF($AQ30=$XEP$13,$AM30,"") | XEQ30: =+IF($AQ30=$XEQ$13,$AM30,"") | XER30: =+IF($AQ30=$XER$13,$AM30,"")
A31: =IF($I31>0,VLOOKUP(I31,'Lista de Precios'!$A$3:$L$2883,9,0),0) -> 0 | B31: =IF($I31>0,VLOOKUP(I31,'Lista de Precios'!$A$3:$H$2883,7,0),0) -> 0 | C31: =IF($I31>0,VLOOKUP(I31,'Lista de Precios'!$A$3:$H$2883,2,0),"") | D31: =IF($I31>0,VLOOKUP(I31,'Lista de Precios'!$A$3:$H$2883,3,0),"") | E31: =IF($I31>0,VLOOKUP(I31,'Lista de Precios'!$A$3:$H$2883,6,0),"") | F31: =IF($I31>0,VLOOKUP(I31,'Lista de Precios'!$A$3:$H$2883,8,0),"") | G31: =IF(AN31="","",AN31*1.87) | H31: 0 | J31: =+E31 | K31: =+IF($I31>0,VLOOKUP($I31,'Lista de Precios'!$A$3:$H$2883,5,0),0) -> 0 | AM31: =+IF(I31>0,SUM(L31:AL31),0) -> 0 | AN31: =+IF($I31>0,VLOOKUP($I31,'Lista de Precios'!$A$3:$H$2883,4,0),"") | AO31: =+IF(AM31>0,AN31*AM31,"") | AP31: =IF($I31>0,VLOOKUP($I31,'Lista de Precios'!$A$3:$K$2883,10,0),"") | AQ31: =IF($I31>0,VLOOKUP($I31,'Lista de Precios'!$A$3:$M$4893,13,0),"") | XEO31: =+IF($AQ31=$XEO$13,$AM31,"") | XEP31: =+IF($AQ31=$XEP$13,$AM31,"") | XEQ31: =+IF($AQ31=$XEQ$13,$AM31,"") | XER31: =+IF($AQ31=$XER$13,$AM31,"")
A32: =IF($I32>0,VLOOKUP(I32,'Lista de Precios'!$A$3:$L$2883,9,0),0) -> 0 | B32: =IF($I32>0,VLOOKUP(I32,'Lista de Precios'!$A$3:$H$2883,7,0),0) -> 0 | C32: =IF($I32>0,VLOOKUP(I32,'Lista de Precios'!$A$3:$H$2883,2,0),"") | D32: =IF($I32>0,VLOOKUP(I32,'Lista de Precios'!$A$3:$H$2883,3,0),"") | E32: =IF($I32>0,VLOOKUP(I32,'Lista de Precios'!$A$3:$H$2883,6,0),"") | F32: =IF($I32>0,VLOOKUP(I32,'Lista de Precios'!$A$3:$H$2883,8,0),"") | G32: =IF(AN32="","",AN32*1.87) | H32: 0 | J32: =+E32 | K32: =+IF($I32>0,VLOOKUP($I32,'Lista de Precios'!$A$3:$H$2883,5,0),0) -> 0 | AM32: =+IF(I32>0,SUM(L32:AL32),0) -> 0 | AN32: =+IF($I32>0,VLOOKUP($I32,'Lista de Precios'!$A$3:$H$2883,4,0),"") | AO32: =+IF(AM32>0,AN32*AM32,"") | AP32: =IF($I32>0,VLOOKUP($I32,'Lista de Precios'!$A$3:$K$2883,10,0),"") | AQ32: =IF($I32>0,VLOOKUP($I32,'Lista de Precios'!$A$3:$M$4893,13,0),"") | XEO32: =+IF($AQ32=$XEO$13,$AM32,"") | XEP32: =+IF($AQ32=$XEP$13,$AM32,"") | XEQ32: =+IF($AQ32=$XEQ$13,$AM32,"") | XER32: =+IF($AQ32=$XER$13,$AM32,"")
A33: =IF($I33>0,VLOOKUP(I33,'Lista de Precios'!$A$3:$L$2883,9,0),0) -> 0 | B33: =IF($I33>0,VLOOKUP(I33,'Lista de Precios'!$A$3:$H$2883,7,0),0) -> 0 | C33: =IF($I33>0,VLOOKUP(I33,'Lista de Precios'!$A$3:$H$2883,2,0),"") | D33: =IF($I33>0,VLOOKUP(I33,'Lista de Precios'!$A$3:$H$2883,3,0),"") | E33: =IF($I33>0,VLOOKUP(I33,'Lista de Precios'!$A$3:$H$2883,6,0),"") | F33: =IF($I33>0,VLOOKUP(I33,'Lista de Precios'!$A$3:$H$2883,8,0),"") | G33: =IF(AN33="","",AN33*1.87) | H33: 0 | J33: =+E33 | K33: =+IF($I33>0,VLOOKUP($I33,'Lista de Precios'!$A$3:$H$2883,5,0),0) -> 0 | AM33: =+IF(I33>0,SUM(L33:AL33),0) -> 0 | AN33: =+IF($I33>0,VLOOKUP($I33,'Lista de Precios'!$A$3:$H$2883,4,0),"") | AO33: =+IF(AM33>0,AN33*AM33,"") | AP33: =IF($I33>0,VLOOKUP($I33,'Lista de Precios'!$A$3:$K$2883,10,0),"") | AQ33: =IF($I33>0,VLOOKUP($I33,'Lista de Precios'!$A$3:$M$4893,13,0),"") | XEO33: =+IF($AQ33=$XEO$13,$AM33,"") | XEP33: =+IF($AQ33=$XEP$13,$AM33,"") | XEQ33: =+IF($AQ33=$XEQ$13,$AM33,"") | XER33: =+IF($AQ33=$XER$13,$AM33,"")
A34: =IF($I34>0,VLOOKUP(I34,'Lista de Precios'!$A$3:$L$2883,9,0),0) -> 0 | B34: =IF($I34>0,VLOOKUP(I34,'Lista de Precios'!$A$3:$H$2883,7,0),0) -> 0 | C34: =IF($I34>0,VLOOKUP(I34,'Lista de Precios'!$A$3:$H$2883,2,0),"") | D34: =IF($I34>0,VLOOKUP(I34,'Lista de Precios'!$A$3:$H$2883,3,0),"") | E34: =IF($I34>0,VLOOKUP(I34,'Lista de Precios'!$A$3:$H$2883,6,0),"") | F34: =IF($I34>0,VLOOKUP(I34,'Lista de Precios'!$A$3:$H$2883,8,0),"") | G34: =IF(AN34="","",AN34*1.87) | H34: 0 | J34: =+E34 | K34: =+IF($I34>0,VLOOKUP($I34,'Lista de Precios'!$A$3:$H$2883,5,0),0) -> 0 | AM34: =+IF(I34>0,SUM(L34:AL34),0) -> 0 | AN34: =+IF($I34>0,VLOOKUP($I34,'Lista de Precios'!$A$3:$H$2883,4,0),"") | AO34: =+IF(AM34>0,AN34*AM34,"") | AP34: =IF($I34>0,VLOOKUP($I34,'Lista de Precios'!$A$3:$K$2883,10,0),"") | AQ34: =IF($I34>0,VLOOKUP($I34,'Lista de Precios'!$A$3:$M$4893,13,0),"") | XEO34: =+IF($AQ34=$XEO$13,$AM34,"") | XEP34: =+IF($AQ34=$XEP$13,$AM34,"") | XEQ34: =+IF($AQ34=$XEQ$13,$AM34,"") | XER34: =+IF($AQ34=$XER$13,$AM34,"")
A35: =IF($I35>0,VLOOKUP(I35,'Lista de Precios'!$A$3:$L$2883,9,0),0) -> 0 | B35: =IF($I35>0,VLOOKUP(I35,'Lista de Precios'!$A$3:$H$2883,7,0),0) -> 0 | C35: =IF($I35>0,VLOOKUP(I35,'Lista de Precios'!$A$3:$H$2883,2,0),"") | D35: =IF($I35>0,VLOOKUP(I35,'Lista de Precios'!$A$3:$H$2883,3,0),"") | E35: =IF($I35>0,VLOOKUP(I35,'Lista de Precios'!$A$3:$H$2883,6,0),"") | F35: =IF($I35>0,VLOOKUP(I35,'Lista de Precios'!$A$3:$H$2883,8,0),"") | G35: =IF(AN35="","",AN35*1.87) | H35: 0 | J35: =+E35 | K35: =+IF($I35>0,VLOOKUP($I35,'Lista de Precios'!$A$3:$H$2883,5,0),0) -> 0 | AM35: =+IF(I35>0,SUM(L35:AL35),0) -> 0 | AN35: =+IF($I35>0,VLOOKUP($I35,'Lista de Precios'!$A$3:$H$2883,4,0),"") | AO35: =+IF(AM35>0,AN35*AM35,"") | AP35: =IF($I35>0,VLOOKUP($I35,'Lista de Precios'!$A$3:$K$2883,10,0),"") | AQ35: =IF($I35>0,VLOOKUP($I35,'Lista de Precios'!$A$3:$M$4893,13,0),"") | XEO35: =+IF($AQ35=$XEO$13,$AM35,"") | XEP35: =+IF($AQ35=$XEP$13,$AM35,"") | XEQ35: =+IF($AQ35=$XEQ$13,$AM35,"") | XER35: =+IF($AQ35=$XER$13,$AM35,"")
A36: =IF($I36>0,VLOOKUP(I36,'Lista de Precios'!$A$3:$L$2883,9,0),0) -> 0 | B36: =IF($I36>0,VLOOKUP(I36,'Lista de Precios'!$A$3:$H$2883,7,0),0) -> 0 | C36: =IF($I36>0,VLOOKUP(I36,'Lista de Precios'!$A$3:$H$2883,2,0),"") | D36: =IF($I36>0,VLOOKUP(I36,'Lista de Precios'!$A$3:$H$2883,3,0),"") | E36: =IF($I36>0,VLOOKUP(I36,'Lista de Precios'!$A$3:$H$2883,6,0),"") | F36: =IF($I36>0,VLOOKUP(I36,'Lista de Precios'!$A$3:$H$2883,8,0),"") | G36: =IF(AN36="","",AN36*1.87) | H36: 0 | J36: =+E36 | K36: =+IF($I36>0,VLOOKUP($I36,'Lista de Precios'!$A$3:$H$2883,5,0),0) -> 0 | AM36: =+IF(I36>0,SUM(L36:AL36),0) -> 0 | AN36: =+IF($I36>0,VLOOKUP($I36,'Lista de Precios'!$A$3:$H$2883,4,0),"") | AO36: =+IF(AM36>0,AN36*AM36,"") | AP36: =IF($I36>0,VLOOKUP($I36,'Lista de Precios'!$A$3:$K$2883,10,0),"") | AQ36: =IF($I36>0,VLOOKUP($I36,'Lista de Precios'!$A$3:$M$4893,13,0),"") | XEO36: =+IF($AQ36=$XEO$13,$AM36,"") | XEP36: =+IF($AQ36=$XEP$13,$AM36,"") | XEQ36: =+IF($AQ36=$XEQ$13,$AM36,"") | XER36: =+IF($AQ36=$XER$13,$AM36,"")
A37: =IF($I37>0,VLOOKUP(I37,'Lista de Precios'!$A$3:$L$2883,9,0),0) -> 0 | B37: =IF($I37>0,VLOOKUP(I37,'Lista de Precios'!$A$3:$H$2883,7,0),0) -> 0 | C37: =IF($I37>0,VLOOKUP(I37,'Lista de Precios'!$A$3:$H$2883,2,0),"") | D37: =IF($I37>0,VLOOKUP(I37,'Lista de Precios'!$A$3:$H$2883,3,0),"") | E37: =IF($I37>0,VLOOKUP(I37,'Lista de Precios'!$A$3:$H$2883,6,0),"") | F37: =IF($I37>0,VLOOKUP(I37,'Lista de Precios'!$A$3:$H$2883,8,0),"") | G37: =IF(AN37="","",AN37*1.87) | H37: 0 | J37: =+E37 | K37: =+IF($I37>0,VLOOKUP($I37,'Lista de Precios'!$A$3:$H$2883,5,0),0) -> 0 | AM37: =+IF(I37>0,SUM(L37:AL37),0) -> 0 | AN37: =+IF($I37>0,VLOOKUP($I37,'Lista de Precios'!$A$3:$H$2883,4,0),"") | AO37: =+IF(AM37>0,AN37*AM37,"") | AP37: =IF($I37>0,VLOOKUP($I37,'Lista de Precios'!$A$3:$K$2883,10,0),"") | AQ37: =IF($I37>0,VLOOKUP($I37,'Lista de Precios'!$A$3:$M$4893,13,0),"") | XEO37: =+IF($AQ37=$XEO$13,$AM37,"") | XEP37: =+IF($AQ37=$XEP$13,$AM37,"") | XEQ37: =+IF($AQ37=$XEQ$13,$AM37,"") | XER37: =+IF($AQ37=$XER$13,$AM37,"")
A38: =IF($I38>0,VLOOKUP(I38,'Lista de Precios'!$A$3:$L$2883,9,0),0) -> 0 | B38: =IF($I38>0,VLOOKUP(I38,'Lista de Precios'!$A$3:$H$2883,7,0),0) -> 0 | C38: =IF($I38>0,VLOOKUP(I38,'Lista de Precios'!$A$3:$H$2883,2,0),"") | D38: =IF($I38>0,VLOOKUP(I38,'Lista de Precios'!$A$3:$H$2883,3,0),"") | E38: =IF($I38>0,VLOOKUP(I38,'Lista de Precios'!$A$3:$H$2883,6,0),"") | F38: =IF($I38>0,VLOOKUP(I38,'Lista de Precios'!$A$3:$H$2883,8,0),"") | G38: =IF(AN38="","",AN38*1.87) | H38: 0 | J38: =+E38 | K38: =+IF($I38>0,VLOOKUP($I38,'Lista de Precios'!$A$3:$H$2883,5,0),0) -> 0 | AM38: =+IF(I38>0,SUM(L38:AL38),0) -> 0 | AN38: =+IF($I38>0,VLOOKUP($I38,'Lista de Precios'!$A$3:$H$2883,4,0),"") | AO38: =+IF(AM38>0,AN38*AM38,"") | AP38: =IF($I38>0,VLOOKUP($I38,'Lista de Precios'!$A$3:$K$2883,10,0),"") | AQ38: =IF($I38>0,VLOOKUP($I38,'Lista de Precios'!$A$3:$M$4893,13,0),"") | XEO38: =+IF($AQ38=$XEO$13,$AM38,"") | XEP38: =+IF($AQ38=$XEP$13,$AM38,"") | XEQ38: =+IF($AQ38=$XEQ$13,$AM38,"") | XER38: =+IF($AQ38=$XER$13,$AM38,"")
A39: =IF($I39>0,VLOOKUP(I39,'Lista de Precios'!$A$3:$L$2883,9,0),0) -> 0 | B39: =IF($I39>0,VLOOKUP(I39,'Lista de Precios'!$A$3:$H$2883,7,0),0) -> 0 | C39: =IF($I39>0,VLOOKUP(I39,'Lista de Precios'!$A$3:$H$2883,2,0),"") | D39: =IF($I39>0,VLOOKUP(I39,'Lista de Precios'!$A$3:$H$2883,3,0),"") | E39: =IF($I39>0,VLOOKUP(I39,'Lista de Precios'!$A$3:$H$2883,6,0),"") | F39: =IF($I39>0,VLOOKUP(I39,'Lista de Precios'!$A$3:$H$2883,8,0),"") | G39: =IF(AN39="","",AN39*1.87) | H39: 0 | J39: =+E39 | K39: =+IF($I39>0,VLOOKUP($I39,'Lista de Precios'!$A$3:$H$2883,5,0),0) -> 0 | AM39: =+IF(I39>0,SUM(L39:AL39),0) -> 0 | AN39: =+IF($I39>0,VLOOKUP($I39,'Lista de Precios'!$A$3:$H$2883,4,0),"") | AO39: =+IF(AM39>0,AN39*AM39,"") | AP39: =IF($I39>0,VLOOKUP($I39,'Lista de Precios'!$A$3:$K$2883,10,0),"") | AQ39: =IF($I39>0,VLOOKUP($I39,'Lista de Precios'!$A$3:$M$4893,13,0),"") | XEO39: =+IF($AQ39=$XEO$13,$AM39,"") | XEP39: =+IF($AQ39=$XEP$13,$AM39,"") | XEQ39: =+IF($AQ39=$XEQ$13,$AM39,"") | XER39: =+IF($AQ39=$XER$13,$AM39,"")
A40: =IF($I40>0,VLOOKUP(I40,'Lista de Precios'!$A$3:$L$2883,9,0),0) -> 0 | B40: =IF($I40>0,VLOOKUP(I40,'Lista de Precios'!$A$3:$H$2883,7,0),0) -> 0 | C40: =IF($I40>0,VLOOKUP(I40,'Lista de Precios'!$A$3:$H$2883,2,0),"") | D40: =IF($I40>0,VLOOKUP(I40,'Lista de Precios'!$A$3:$H$2883,3,0),"") | E40: =IF($I40>0,VLOOKUP(I40,'Lista de Precios'!$A$3:$H$2883,6,0),"") | F40: =IF($I40>0,VLOOKUP(I40,'Lista de Precios'!$A$3:$H$2883,8,0),"") | G40: =IF(AN40="","",AN40*1.87) | H40: 0 | J40: =+E40 | K40: =+IF($I40>0,VLOOKUP($I40,'Lista de Precios'!$A$3:$H$2883,5,0),0) -> 0 | AM40: =+IF(I40>0,SUM(L40:AL40),0) -> 0 | AN40: =+IF($I40>0,VLOOKUP($I40,'Lista de Precios'!$A$3:$H$2883,4,0),"") | AO40: =+IF(AM40>0,AN40*AM40,"") | AP40: =IF($I40>0,VLOOKUP($I40,'Lista de Precios'!$A$3:$K$2883,10,0),"") | AQ40: =IF($I40>0,VLOOKUP($I40,'Lista de Precios'!$A$3:$M$4893,13,0),"") | XEO40: =+IF($AQ40=$XEO$13,$AM40,"") | XEP40: =+IF($AQ40=$XEP$13,$AM40,"") | XEQ40: =+IF($AQ40=$XEQ$13,$AM40,"") | XER40: =+IF($AQ40=$XER$13,$AM40,"")
... A94: =IF($I94>0,VLOOKUP(I94,'Lista de Precios'!$A$3:$L$2883,9,0),0) -> 0 | B94: =IF($I94>0,VLOOKUP(I94,'Lista de Precios'!$A$3:$H$2883,7,0),0) -> 0 | C94: =IF($I94>0,VLOOKUP(I94,'Lista de Precios'!$A$3:$H$2883,2,0),"") | D94: =IF($I94>0,VLOOKUP(I94,'Lista de Precios'!$A$3:$H$2883,3,0),"") | E94: =IF($I94>0,VLOOKUP(I94,'Lista de Precios'!$A$3:$H$2883,6,0),"") | F94: =IF($I94>0,VLOOKUP(I94,'Lista de Precios'!$A$3:$H$2883,8,0),"") | G94: =IF(AN94="","",AN94*1.87) | H94: 0 | J94: =+E94 | K94: =+IF($I94>0,VLOOKUP($I94,'Lista de Precios'!$A$3:$H$2883,5,0),0) -> 0 | AM94: =+IF(I94>0,SUM(L94:AL94),0) -> 0 | AN94: =+IF($I94>0,VLOOKUP($I94,'Lista de Precios'!$A$3:$H$2883,4,0),"") | AO94: =+IF(AM94>0,AN94*AM94,"") | AP94: =IF($I94>0,VLOOKUP($I94,'Lista de Precios'!$A$3:$K$2883,10,0),"") | AQ94: =IF($I94>0,VLOOKUP($I94,'Lista de Precios'!$A$3:$M$4893,13,0),"") | XEO94: =+IF($AQ94=$XEO$13,$AM94,"") | XEP94: =+IF($AQ94=$XEP$13,$AM94,"") | XEQ94: =+IF($AQ94=$XEQ$13,$AM94,"") | XER94: =+IF($AQ94=$XER$13,$AM94,"")
A95: =IF($I95>0,VLOOKUP(I95,'Lista de Precios'!$A$3:$L$2883,9,0),0) -> 0 | B95: =IF($I95>0,VLOOKUP(I95,'Lista de Precios'!$A$3:$H$2883,7,0),0) -> 0 | C95: =IF($I95>0,VLOOKUP(I95,'Lista de Precios'!$A$3:$H$2883,2,0),"") | D95: =IF($I95>0,VLOOKUP(I95,'Lista de Precios'!$A$3:$H$2883,3,0),"") | E95: =IF($I95>0,VLOOKUP(I95,'Lista de Precios'!$A$3:$H$2883,6,0),"") | F95: =IF($I95>0,VLOOKUP(I95,'Lista de Precios'!$A$3:$H$2883,8,0),"") | G95: =IF(AN95="","",AN95*1.87) | H95: 0 | J95: =+E95 | K95: =+IF($I95>0,VLOOKUP($I95,'Lista de Precios'!$A$3:$H$2883,5,0),0) -> 0 | AM95: =+IF(I95>0,SUM(L95:AL95),0) -> 0 | AN95: =+IF($I95>0,VLOOKUP($I95,'Lista de Precios'!$A$3:$H$2883,4,0),"") | AO95: =+IF(AM95>0,AN95*AM95,"") | AP95: =IF($I95>0,VLOOKUP($I95,'Lista de Precios'!$A$3:$K$2883,10,0),"") | AQ95: =IF($I95>0,VLOOKUP($I95,'Lista de Precios'!$A$3:$M$4893,13,0),"")
A96: =IF($I96>0,VLOOKUP(I96,'Lista de Precios'!$A$3:$L$2883,9,0),0) -> 0 | B96: =IF($I96>0,VLOOKUP(I96,'Lista de Precios'!$A$3:$H$2883,7,0),0) -> 0 | C96: =IF($I96>0,VLOOKUP(I96,'Lista de Precios'!$A$3:$H$2883,2,0),"") | D96: =IF($I96>0,VLOOKUP(I96,'Lista de Precios'!$A$3:$H$2883,3,0),"") | E96: =IF($I96>0,VLOOKUP(I96,'Lista de Precios'!$A$3:$H$2883,6,0),"") | F96: =IF($I96>0,VLOOKUP(I96,'Lista de Precios'!$A$3:$H$2883,8,0),"") | G96: =IF(AN96="","",AN96*1.87) | H96: 0 | J96: =+E96 | K96: =+IF($I96>0,VLOOKUP($I96,'Lista de Precios'!$A$3:$H$2883,5,0),0) -> 0 | AM96: =+IF(I96>0,SUM(L96:AL96),0) -> 0 | AN96: =+IF($I96>0,VLOOKUP($I96,'Lista de Precios'!$A$3:$H$2883,4,0),"") | AO96: =+IF(AM96>0,AN96*AM96,"") | AP96: =IF($I96>0,VLOOKUP($I96,'Lista de Precios'!$A$3:$K$2883,10,0),"") | AQ96: =IF($I96>0,VLOOKUP($I96,'Lista de Precios'!$A$3:$M$4893,13,0),"")
A97: =IF($I97>0,VLOOKUP(I97,'Lista de Precios'!$A$3:$L$2883,9,0),0) -> 0 | B97: =IF($I97>0,VLOOKUP(I97,'Lista de Precios'!$A$3:$H$2883,7,0),0) -> 0 | C97: =IF($I97>0,VLOOKUP(I97,'Lista de Precios'!$A$3:$H$2883,2,0),"") | D97: =IF($I97>0,VLOOKUP(I97,'Lista de Precios'!$A$3:$H$2883,3,0),"") | E97: =IF($I97>0,VLOOKUP(I97,'Lista de Precios'!$A$3:$H$2883,6,0),"") | F97: =IF($I97>0,VLOOKUP(I97,'Lista de Precios'!$A$3:$H$2883,8,0),"") | G97: =IF(AN97="","",AN97*1.87) | H97: 0 | J97: =+E97 | K97: =+IF($I97>0,VLOOKUP($I97,'Lista de Precios'!$A$3:$H$2883,5,0),0) -> 0 | AM97: =+IF(I97>0,SUM(L97:AL97),0) -> 0 | AN97: =+IF($I97>0,VLOOKUP($I97,'Lista de Precios'!$A$3:$H$2883,4,0),"") | AO97: =+IF(AM97>0,AN97*AM97,"") | AP97: =IF($I97>0,VLOOKUP($I97,'Lista de Precios'!$A$3:$K$2883,10,0),"") | AQ97: =IF($I97>0,VLOOKUP($I97,'Lista de Precios'!$A$3:$M$4893,13,0),"")
A98: =IF($I98>0,VLOOKUP(I98,'Lista de Precios'!$A$3:$L$2883,9,0),0) -> 0 | B98: =IF($I98>0,VLOOKUP(I98,'Lista de Precios'!$A$3:$H$2883,7,0),0) -> 0 | C98: =IF($I98>0,VLOOKUP(I98,'Lista de Precios'!$A$3:$H$2883,2,0),"") | D98: =IF($I98>0,VLOOKUP(I98,'Lista de Precios'!$A$3:$H$2883,3,0),"") | E98: =IF($I98>0,VLOOKUP(I98,'Lista de Precios'!$A$3:$H$2883,6,0),"") | F98: =IF($I98>0,VLOOKUP(I98,'Lista de Precios'!$A$3:$H$2883,8,0),"") | G98: =IF(AN98="","",AN98*1.87) | H98: 0 | J98: =+E98 | K98: =+IF($I98>0,VLOOKUP($I98,'Lista de Precios'!$A$3:$H$2883,5,0),0) -> 0 | AM98: =+IF(I98>0,SUM(L98:AL98),0) -> 0 | AN98: =+IF($I98>0,VLOOKUP($I98,'Lista de Precios'!$A$3:$H$2883,4,0),"") | AO98: =+IF(AM98>0,AN98*AM98,"") | AP98: =IF($I98>0,VLOOKUP($I98,'Lista de Precios'!$A$3:$K$2883,10,0),"") | AQ98: =IF($I98>0,VLOOKUP($I98,'Lista de Precios'!$A$3:$M$4893,13,0),"")
A99: =IF($I99>0,VLOOKUP(I99,'Lista de Precios'!$A$3:$L$2883,9,0),0) -> 0 | B99: =IF($I99>0,VLOOKUP(I99,'Lista de Precios'!$A$3:$H$2883,7,0),0) -> 0 | C99: =IF($I99>0,VLOOKUP(I99,'Lista de Precios'!$A$3:$H$2883,2,0),"") | D99: =IF($I99>0,VLOOKUP(I99,'Lista de Precios'!$A$3:$H$2883,3,0),"") | E99: =IF($I99>0,VLOOKUP(I99,'Lista de Precios'!$A$3:$H$2883,6,0),"") | F99: =IF($I99>0,VLOOKUP(I99,'Lista de Precios'!$A$3:$H$2883,8,0),"") | G99: =IF(AN99="","",AN99*1.87) | H99: 0 | J99: =+E99 | K99: =+IF($I99>0,VLOOKUP($I99,'Lista de Precios'!$A$3:$H$2883,5,0),0) -> 0 | AM99: =+IF(I99>0,SUM(L99:AL99),0) -> 0 | AN99: =+IF($I99>0,VLOOKUP($I99,'Lista de Precios'!$A$3:$H$2883,4,0),"") | AO99: =+IF(AM99>0,AN99*AM99,"") | AP99: =IF($I99>0,VLOOKUP($I99,'Lista de Precios'!$A$3:$K$2883,10,0),"") | AQ99: =IF($I99>0,VLOOKUP($I99,'Lista de Precios'!$A$3:$M$4893,13,0),"")
A100: =IF($I100>0,VLOOKUP(I100,'Lista de Precios'!$A$3:$L$2883,9,0),0) -> 0 | B100: =IF($I100>0,VLOOKUP(I100,'Lista de Precios'!$A$3:$H$2883,7,0),0) -> 0 | C100: =IF($I100>0,VLOOKUP(I100,'Lista de Precios'!$A$3:$H$2883,2,0),"") | D100: =IF($I100>0,VLOOKUP(I100,'Lista de Precios'!$A$3:$H$2883,3,0),"") | E100: =IF($I100>0,VLOOKUP(I100,'Lista de Precios'!$A$3:$H$2883,6,0),"") | F100: =IF($I100>0,VLOOKUP(I100,'Lista de Precios'!$A$3:$H$2883,8,0),"") | G100: =IF(AN100="","",AN100*1.87) | H100: 0 | J100: =+E100 | K100: =+IF($I100>0,VLOOKUP($I100,'Lista de Precios'!$A$3:$H$2883,5,0),0) -> 0 | AM100: =+IF(I100>0,SUM(L100:AL100),0) -> 0 | AN100: =+IF($I100>0,VLOOKUP($I100,'Lista de Precios'!$A$3:$H$2883,4,0),"") | AO100: =+IF(AM100>0,AN100*AM100,"") | AP100: =IF($I100>0,VLOOKUP($I100,'Lista de Precios'!$A$3:$K$2883,10,0),"") | AQ100: =IF($I100>0,VLOOKUP($I100,'Lista de Precios'!$A$3:$M$4893,13,0),"")
A101: =IF($I101>0,VLOOKUP(I101,'Lista de Precios'!$A$3:$L$2883,9,0),0) -> 0 | B101: =IF($I101>0,VLOOKUP(I101,'Lista de Precios'!$A$3:$H$2883,7,0),0) -> 0 | C101: =IF($I101>0,VLOOKUP(I101,'Lista de Precios'!$A$3:$H$2883,2,0),"") | D101: =IF($I101>0,VLOOKUP(I101,'Lista de Precios'!$A$3:$H$2883,3,0),"") | E101: =IF($I101>0,VLOOKUP(I101,'Lista de Precios'!$A$3:$H$2883,6,0),"") | F101: =IF($I101>0,VLOOKUP(I101,'Lista de Precios'!$A$3:$H$2883,8,0),"") | G101: =IF(AN101="","",AN101*1.87) | H101: 0 | J101: =+E101 | K101: =+IF($I101>0,VLOOKUP($I101,'Lista de Precios'!$A$3:$H$2883,5,0),0) -> 0 | AM101: =+IF(I101>0,SUM(L101:AL101),0) -> 0 | AN101: =+IF($I101>0,VLOOKUP($I101,'Lista de Precios'!$A$3:$H$2883,4,0),"") | AO101: =+IF(AM101>0,AN101*AM101,"") | AP101: =IF($I101>0,VLOOKUP($I101,'Lista de Precios'!$A$3:$K$2883,10,0),"") | AQ101: =IF($I101>0,VLOOKUP($I101,'Lista de Precios'!$A$3:$M$4893,13,0),"")

Sheet MAR 26
C1: =+'ENE 26'!$C$1 -> NOTA DE PEDIDO - 1° SEMESTRE 2026 (Enero - Junio)
C3: Clase | D3: ZPR
C5: Razon Social | D5: =+IF(D7="","",(VLOOKUP(D7,AUX!$A$1:$B$5610,2,FALSE)))
C7: N° Cliente | I7: TOTALES
D9: =+AUX!J5 -> MAR 2026 | I9: Pares | J9: =+AM9 -> 396 | L9: $ | M9: =+AO9 -> 15972406 | AM9: =SUM(AM14:AM101) -> 396 | AO9: =SUM(AO14:AO101) -> 15972406
H11: NRO | J11: MES | K11: 1 | L11: 200 | M11: 210 | N11: 220 | O11: 230 | P11: 240 | Q11: 250 | R11: 260 | S11: 270 | T11: 280 | U11: 290 | V11: 300 | W11: 310 | X11: 320 | Y11: 330 | Z11: 340 | AA11: 350 | AB11: 360 | AC11: 370 | AD11: 380 | AE11: 390 | AF11: 400 | AG11: 410 | AH11: 420 | AI11: 430 | AJ11: 440 | AK11: 450 | AL11: 460 | AM11: CANT | AN11: Precio | AO11: $
H12: ARTICULO | J12: LANZAMIENTO | K12: 2 | AM12: TOTAL | AN12: Lista | AO12: TOTAL | XEP12: =+SUM(XEP14:XEP94) -> 182 | XEQ12: =+SUM(XEQ14:XEQ94) -> 0 | XER12: =+SUM(XER14:XER94) -> 0 | XES12: =+SUM(XES14:XES94) -> 56
A13: GENERO | C13: MODELO | D13: COLOR | E13: DISPONIBILIDAD | F13: TALLES | G13: PVP | AP13: CATEGORIA | AQ13: MIX CALZ | XEP13: CASUAL | XEQ13: RUN/TRA | XER13: MULTI | XES13: KIDS
A14: =IF($I14>0,VLOOKUP(I14,'Lista de Precios'!$A$3:$L$2883,9,0),0) -> Hombre | B14: =IF($I14>0,VLOOKUP(I14,'Lista de Precios'!$A$3:$H$2883,7,0),0) -> CONT | C14: =IF($I14>0,VLOOKUP(I14,'Lista de Precios'!$A$3:$H$2883,2,0),"") -> WIND 5 | D14: =IF($I14>0,VLOOKUP($I14,'Lista de Precios'!$A$3:$H$2883,3,0),"") -> NEGRO/GRIS | E14: =IF($I14>0,VLOOKUP(I14,'Lista de Precios'!$A$3:$H$2883,6,0),"") -> ENERO | F14: =IF($I14>0,VLOOKUP(I14,'Lista de Precios'!$A$3:$H$2883,8,0),"") -> 35 AL 45 | G14: =IF(AN14="","",AN14*1.87) -> 68900 | H14: 0 | I14: 25787 | J14: =+E14 -> ENERO | K14: =+IF($I14>0,VLOOKUP($I14,'Lista de Precios'!$A$3:$H$2883,5,0),0) -> 1 | AC14: 4 | AD14: 4 | AE14: 6 | AF14: 6 | AM14: =+IF(I14>0,SUM(L14:AL14),0) -> 20 | AN14: =+IF($I14>0,VLOOKUP($I14,'Lista de Precios'!$A$3:$H$2883,4,0),"") -> 36844.92 | AO14: =+IF(AM14>0,AN14*AM14,"") -> 736898.4 | AP14: =IF($I14>0,VLOOKUP($I14,'Lista de Precios'!$A$3:$K$2883,10,0),"") -> Running | AQ14: =IF($I14>0,VLOOKUP($I14,'Lista de Precios'!$A$3:$M$4893,13,0),"") -> Running+Training | AR14: =IF($I14>0,VLOOKUP(I14,'Lista de Precios'!$A$3:$M$2883,13,0),"") -> Running+Training | XEP14: =+IF($AQ14=$XEP$13,$AM14,"") | XEQ14: =+IF($AQ14=$XEQ$13,$AM14,"") | XER14: =+IF($AQ14=$XER$13,$AM14,"") | XES14: =+IF($AQ14=$XES$13,$AM14,"")
A15: =IF($I15>0,VLOOKUP(I15,'Lista de Precios'!$A$3:$L$2883,9,0),0) -> Mujer | B15: =IF($I15>0,VLOOKUP(I15,'Lista de Precios'!$A$3:$H$2883,7,0),0) -> LANZ | C15: =IF($I15>0,VLOOKUP(I15,'Lista de Precios'!$A$3:$H$2883,2,0),"") -> KALYAN | D15: =IF($I15>0,VLOOKUP(I15,'Lista de Precios'!$A$3:$H$2883,3,0),"") -> NEGRO/FUCSIA DIVA | E15: =IF($I15>0,VLOOKUP(I15,'Lista de Precios'!$A$3:$H$2883,6,0),"") -> MARZO | F15: =IF($I15>0,VLOOKUP(I15,'Lista de Precios'!$A$3:$H$2883,8,0),"") -> 35 AL 40 | G15: =IF(AN15="","",AN15*1.87) -> 59900 | H15: 0 | I15: 27342 | J15: =+E15 -> MARZO | K15: =+IF($I15>0,VLOOKUP($I15,'Lista de Precios'!$A$3:$H$2883,5,0),0) -> 1 | AB15: 2 | AC15: 4 | AD15: 8 | AE15: 8 | AF15: 6 | AM15: =+IF(I15>0,SUM(L15:AL15),0) -> 28 | AN15: =+IF($I15>0,VLOOKUP($I15,'Lista de Precios'!$A$3:$H$2883,4,0),"") -> 32032.086 | AO15: =+IF(AM15>0,AN15*AM15,"") -> 896898.4 | AP15: =IF($I15>0,VLOOKUP($I15,'Lista de Precios'!$A$3:$K$2883,10,0),"") -> Running | AQ15: =IF($I15>0,VLOOKUP($I15,'Lista de Precios'!$A$3:$M$4893,13,0),"") -> Running+Training | AR15: =IF($I15>0,VLOOKUP(I15,'Lista de Precios'!$A$3:$M$2883,13,0),"") -> Running+Training | XEP15: =+IF($AQ15=$XEP$13,$AM15,"") | XEQ15: =+IF($AQ15=$XEQ$13,$AM15,"") | XER15: =+IF($AQ15=$XER$13,$AM15,"") | XES15: =+IF($AQ15=$XES$13,$AM15,"")
A16: =IF($I16>0,VLOOKUP(I16,'Lista de Precios'!$A$3:$L$2883,9,0),0) -> Mujer | B16: =IF($I16>0,VLOOKUP(I16,'Lista de Precios'!$A$3:$H$2883,7,0),0) -> LANZ | C16: =IF($I16>0,VLOOKUP(I16,'Lista de Precios'!$A$3:$H$2883,2,0),"") -> KALYAN | D16: =IF($I16>0,VLOOKUP(I16,'Lista de Precios'!$A$3:$H$2883,3,0),"") -> VIOLETA HUCKLE/ROSA GRAY | E16: =IF($I16>0,VLOOKUP(I16,'Lista de Precios'!$A$3:$H$2883,6,0),"") -> MARZO | F16: =IF($I16>0,VLOOKUP(I16,'Lista de Precios'!$A$3:$H$2883,8,0),"") -> 35 AL 40 | G16: =IF(AN16="","",AN16*1.87) -> 59900 | H16: 0 | I16: 27341 | J16: =+E16 -> MARZO | K16: =+IF($I16>0,VLOOKUP($I16,'Lista de Precios'!$A$3:$H$2883,5,0),0) -> 1 | AB16: 2 | AC16: 4 | AD16: 6 | AE16: 6 | AF16: 4 | AM16: =+IF(I16>0,SUM(L16:AL16),0) -> 22 | AN16: =+IF($I16>0,VLOOKUP($I16,'Lista de Precios'!$A$3:$H$2883,4,0),"") -> 32032.086 | AO16: =+IF(AM16>0,AN16*AM16,"") -> 704705.88 | AP16: =IF($I16>0,VLOOKUP($I16,'Lista de Precios'!$A$3:$K$2883,10,0),"") -> Running | AQ16: =IF($I16>0,VLOOKUP($I16,'Lista de Precios'!$A$3:$M$4893,13,0),"") -> Running+Training | AR16: =IF($I16>0,VLOOKUP(I16,'Lista de Precios'!$A$3:$M$2883,13,0),"") -> Running+Training | XEP16: =+IF($AQ16=$XEP$13,$AM16,"") | XEQ16: =+IF($AQ16=$XEQ$13,$AM16,"") | XER16: =+IF($AQ16=$XER$13,$AM16,"") | XES16: =+IF($AQ16=$XES$13,$AM16,"")
A17: =IF($I17>0,VLOOKUP(I17,'Lista de Precios'!$A$3:$L$2883,9,0),0) -> Hombre | B17: =IF($I17>0,VLOOKUP(I17,'Lista de Precios'!$A$3:$H$2883,7,0),0) -> LANZ | C17: =IF($I17>0,VLOOKUP(I17,'Lista de Precios'!$A$3:$H$2883,2,0),"") -> KALYAN | D17: =IF($I17>0,VLOOKUP(I17,'Lista de Precios'!$A$3:$H$2883,3,0),"") -> GRIS CITY/AMARILLO SAFE | E17: =IF($I17>0,VLOOKUP(I17,'Lista de Precios'!$A$3:$H$2883,6,0),"") -> MARZO | F17: =IF($I17>0,VLOOKUP(I17,'Lista de Precios'!$A$3:$H$2883,8,0),"") -> 35 AL 45 | G17: =IF(AN17="","",AN17*1.87) -> 59900 | H17: 0 | I17: 27340 | J17: =+E17 -> MARZO | K17: =+IF($I17>0,VLOOKUP($I17,'Lista de Precios'!$A$3:$H$2883,5,0),0) -> 1 | AE17: 2 | AF17: 4 | AG17: 8 | AH17: 6 | AI17: 4 | AJ17: 2 | AK17: 2 | AM17: =+IF(I17>0,SUM(L17:AL17),0) -> 28 | AN17: =+IF($I17>0,VLOOKUP($I17,'Lista de Precios'!$A$3:$H$2883,4,0),"") -> 32032.086 | AO17: =+IF(AM17>0,AN17*AM17,"") -> 896898.4 | AP17: =IF($I17>0,VLOOKUP($I17,'Lista de Precios'!$A$3:$K$2883,10,0),"") -> Running | AQ17: =IF($I17>0,VLOOKUP($I17,'Lista de Precios'!$A$3:$M$4893,13,0),"") -> Running+Training | AR17: =IF($I17>0,VLOOKUP(I17,'Lista de Precios'!$A$3:$M$2883,13,0),"") -> Running+Training | XEP17: =+IF($AQ17=$XEP$13,$AM17,"") | XEQ17: =+IF($AQ17=$XEQ$13,$AM17,"") | XER17: =+IF($AQ17=$XER$13,$AM17,"") | XES17: =+IF($AQ17=$XES$13,$AM17,"")
A18: =IF($I18>0,VLOOKUP(I18,'Lista de Precios'!$A$3:$L$2883,9,0),0) -> Unisex | B18: =IF($I18>0,VLOOKUP(I18,'Lista de Precios'!$A$3:$H$2883,7,0),0) -> CONT | C18: =IF($I18>0,VLOOKUP(I18,'Lista de Precios'!$A$3:$H$2883,2,0),"") -> CAMPAZ | D18: =IF($I18>0,VLOOKUP(I18,'Lista de Precios'!$A$3:$H$2883,3,0),"") -> OLIVA OSCURO/OLIVA MOSS | E18: =IF($I18>0,VLOOKUP(I18,'Lista de Precios'!$A$3:$H$2883,6,0),"") -> FEBRERO | F18: =IF($I18>0,VLOOKUP(I18,'Lista de Precios'!$A$3:$H$2883,8,0),"") -> 35 AL 45 | G18: =IF(AN18="","",AN18*1.87) -> 94400 | H18: 0 | I18: 25766 | J18: =+E18 -> FEBRERO | K18: =+IF($I18>0,VLOOKUP($I18,'Lista de Precios'!$A$3:$H$2883,5,0),0) -> 1 | AG18: 6 | AH18: 4 | AI18: 2 | AJ18: 2 | AK18: 2 | AM18: =+IF(I18>0,SUM(L18:AL18),0) -> 16 | AN18: =+IF($I18>0,VLOOKUP($I18,'Lista de Precios'!$A$3:$H$2883,4,0),"") -> 50481.283 | AO18: =+IF(AM18>0,AN18*AM18,"") -> 807700.53 | AP18: =IF($I18>0,VLOOKUP($I18,'Lista de Precios'!$A$3:$K$2883,10,0),"") -> Casual | AQ18: =IF($I18>0,VLOOKUP($I18,'Lista de Precios'!$A$3:$M$4893,13,0),"") -> Casual | AR18: =IF($I18>0,VLOOKUP(I18,'Lista de Precios'!$A$3:$M$2883,13,0),"") -> Casual | XEP18: =+IF($AQ18=$XEP$13,$AM18,"") -> 16 | XEQ18: =+IF($AQ18=$XEQ$13,$AM18,"") | XER18: =+IF($AQ18=$XER$13,$AM18,"") | XES18: =+IF($AQ18=$XES$13,$AM18,"")
A19: =IF($I19>0,VLOOKUP(I19,'Lista de Precios'!$A$3:$L$2883,9,0),0) -> Unisex | B19: =IF($I19>0,VLOOKUP(I19,'Lista de Precios'!$A$3:$H$2883,7,0),0) -> CONT | C19: =IF($I19>0,VLOOKUP(I19,'Lista de Precios'!$A$3:$H$2883,2,0),"") -> CAMPAZ | D19: =IF($I19>0,VLOOKUP(I19,'Lista de Precios'!$A$3:$H$2883,3,0),"") -> GRIS CITY/GRIS MAGNET/NARANJA JAFFA | E19: =IF($I19>0,VLOOKUP(I19,'Lista de Precios'!$A$3:$H$2883,6,0),"") -> FEBRERO | F19: =IF($I19>0,VLOOKUP(I19,'Lista de Precios'!$A$3:$H$2883,8,0),"") -> 35 AL 45 | G19: =IF(AN19="","",AN19*1.87) -> 94400 | H19: 0 | I19: 25765 | J19: =+E19 -> FEBRERO | K19: =+IF($I19>0,VLOOKUP($I19,'Lista de Precios'!$A$3:$H$2883,5,0),0) -> 1 | AG19: 6 | AH19: 4 | AI19: 2 | AJ19: 2 | AK19: 2 | AM19: =+IF(I19>0,SUM(L19:AL19),0) -> 16 | AN19: =+IF($I19>0,VLOOKUP($I19,'Lista de Precios'!$A$3:$H$2883,4,0),"") -> 50481.283 | AO19: =+IF(AM19>0,AN19*AM19,"") -> 807700.53 | AP19: =IF($I19>0,VLOOKUP($I19,'Lista de Precios'!$A$3:$K$2883,10,0),"") -> Casual | AQ19: =IF($I19>0,VLOOKUP($I19,'Lista de Precios'!$A$3:$M$4893,13,0),"") -> Casual | AR19: =IF($I19>0,VLOOKUP(I19,'Lista de Precios'!$A$3:$M$2883,13,0),"") -> Casual | XEP19: =+IF($AQ19=$XEP$13,$AM19,"") -> 16 | XEQ19: =+IF($AQ19=$XEQ$13,$AM19,"") | XER19: =+IF($AQ19=$XER$13,$AM19,"") | XES19: =+IF($AQ19=$XES$13,$AM19,"")
A20: =IF($I20>0,VLOOKUP(I20,'Lista de Precios'!$A$3:$L$2883,9,0),0) -> Kids | B20: =IF($I20>0,VLOOKUP(I20,'Lista de Precios'!$A$3:$H$2883,7,0),0) -> NC | C20: =IF($I20>0,VLOOKUP(I20,'Lista de Precios'!$A$3:$H$2883,2,0),"") -> ITEN KIDS | D20: =IF($I20>0,VLOOKUP(I20,'Lista de Precios'!$A$3:$H$2883,3,0),"") -> GRIS LUNAR / ROSA SUGAR / AMARILLO DROP | E20: =IF($I20>0,VLOOKUP(I20,'Lista de Precios'!$A$3:$H$2883,6,0),"") -> MARZO | F20: =IF($I20>0,VLOOKUP(I20,'Lista de Precios'!$A$3:$H$2883,8,0),"") -> 25 AL 34 | G20: =IF(AN20="","",AN20*1.87) -> 61900 | H20: 0 | I20: 52513 | J20: =+E20 -> MARZO | K20: =+IF($I20>0,VLOOKUP($I20,'Lista de Precios'!$A$3:$H$2883,5,0),0) -> 1 | R20: 4 | S20: 2 | T20: 4 | U20: 2 | V20: 6 | W20: 6 | X20: 2 | Y20: 2 | Z20: 2 | AM20: =+IF(I20>0,SUM(L20:AL20),0) -> 30 | AN20: =+IF($I20>0,VLOOKUP($I20,'Lista de Precios'!$A$3:$H$2883,4,0),"") -> 33101.604 | AO20: =+IF(AM20>0,AN20*AM20,"") -> 993048.13 | AP20: =IF($I20>0,VLOOKUP($I20,'Lista de Precios'!$A$3:$K$2883,10,0),"") -> Running | AQ20: =IF($I20>0,VLOOKUP($I20,'Lista de Precios'!$A$3:$M$4893,13,0),"") -> Kids | AR20: =IF($I20>0,VLOOKUP(I20,'Lista de Precios'!$A$3:$M$2883,13,0),"") -> Kids | XEP20: =+IF($AQ20=$XEP$13,$AM20,"") | XEQ20: =+IF($AQ20=$XEQ$13,$AM20,"") | XER20: =+IF($AQ20=$XER$13,$AM20,"") | XES20: =+IF($AQ20=$XES$13,$AM20,"") -> 30
A22: =IF($I22>0,VLOOKUP(I22,'Lista de Precios'!$A$3:$L$2883,9,0),0) -> Mujer | B22: =IF($I22>0,VLOOKUP(I22,'Lista de Precios'!$A$3:$H$2883,7,0),0) -> NC | C22: =IF($I22>0,VLOOKUP(I22,'Lista de Precios'!$A$3:$H$2883,2,0),"") -> DRIVE 2 | D22: =IF($I22>0,VLOOKUP(I22,'Lista de Precios'!$A$3:$H$2883,3,0),"") -> ROSA STOOL/VIOLETA HUCKLE | E22: =IF($I22>0,VLOOKUP(I22,'Lista de Precios'!$A$3:$H$2883,6,0),"") -> FEBRERO | F22: =IF($I22>0,VLOOKUP(I22,'Lista de Precios'!$A$3:$H$2883,8,0),"") -> 35 AL 40 | G22: =IF(AN22="","",AN22*1.87) -> 78900 | H22: 0 | I22: 27351 | J22: =+E22 -> FEBRERO | K22: =+IF($I22>0,VLOOKUP($I22,'Lista de Precios'!$A$3:$H$2883,5,0),0) -> 1 | AA22: 2 | AB22: 2 | AC22: 4 | AD22: 8 | AE22: 8 | AF22: 6 | AM22: =+IF(I22>0,SUM(L22:AL22),0) -> 30 | AN22: =+IF($I22>0,VLOOKUP($I22,'Lista de Precios'!$A$3:$H$2883,4,0),"") -> 42192.513 | AO22: =+IF(AM22>0,AN22*AM22,"") -> 1265775.4 | AP22: =IF($I22>0,VLOOKUP($I22,'Lista de Precios'!$A$3:$K$2883,10,0),"") -> Training | AQ22: =IF($I22>0,VLOOKUP($I22,'Lista de Precios'!$A$3:$M$4893,13,0),"") -> Running+Training | AR22: =IF($I22>0,VLOOKUP(I22,'Lista de Precios'!$A$3:$M$2883,13,0),"") -> Running+Training | XEP22: =+IF($AQ22=$XEP$13,$AM22,"") | XEQ22: =+IF($AQ22=$XEQ$13,$AM22,"") | XER22: =+IF($AQ22=$XER$13,$AM22,"") | XES22: =+IF($AQ22=$XES$13,$AM22,"")
A23: =IF($I23>0,VLOOKUP(I23,'Lista de Precios'!$A$3:$L$2883,9,0),0) -> Hombre | B23: =IF($I23>0,VLOOKUP(I23,'Lista de Precios'!$A$3:$H$2883,7,0),0) -> CONT | C23: =IF($I23>0,VLOOKUP(I23,'Lista de Precios'!$A$3:$H$2883,2,0),"") -> STRONG PACE III | D23: =IF($I23>0,VLOOKUP(I23,'Lista de Precios'!$A$3:$H$2883,3,0),"") -> NEGRO/LIMA SPRING | E23: =IF($I23>0,VLOOKUP(I23,'Lista de Precios'!$A$3:$H$2883,6,0),"") -> ENERO | F23: =IF($I23>0,VLOOKUP(I23,'Lista de Precios'!$A$3:$H$2883,8,0),"") -> 35 AL 46 | G23: =IF(AN23="","",AN23*1.87) -> 62900 | H23: 0 | I23: 26205 | J23: =+E23 -> ENERO | K23: =+IF($I23>0,VLOOKUP($I23,'Lista de Precios'!$A$3:$H$2883,5,0),0) -> 1 | AF23: 4 | AG23: 6 | AH23: 4 | AI23: 4 | AM23: =+IF(I23>0,SUM(L23:AL23),0) -> 18 | AN23: =+IF($I23>0,VLOOKUP($I23,'Lista de Precios'!$A$3:$H$2883,4,0),"") -> 33636.364 | AO23: =+IF(AM23>0,AN23*AM23,"") -> 605454.55 | AP23: =IF($I23>0,VLOOKUP($I23,'Lista de Precios'!$A$3:$K$2883,10,0),"") -> Training | AQ23: =IF($I23>0,VLOOKUP($I23,'Lista de Precios'!$A$3:$M$4893,13,0),"") -> Running+Training | AR23: =IF($I23>0,VLOOKUP(I23,'Lista de Precios'!$A$3:$M$2883,13,0),"") -> Running+Training | XEP23: =+IF($AQ23=$XEP$13,$AM23,"") | XEQ23: =+IF($AQ23=$XEQ$13,$AM23,"") | XER23: =+IF($AQ23=$XER$13,$AM23,"") | XES23: =+IF($AQ23=$XES$13,$AM23,"")
A24: =IF($I24>0,VLOOKUP(I24,'Lista de Precios'!$A$3:$L$2883,9,0),0) -> 0 | B24: =IF($I24>0,VLOOKUP(I24,'Lista de Precios'!$A$3:$H$2883,7,0),0) -> 0 | C24: =IF($I24>0,VLOOKUP(I24,'Lista de Precios'!$A$3:$H$2883,2,0),"") | D24: =IF($I24>0,VLOOKUP(I24,'Lista de Precios'!$A$3:$H$2883,3,0),"") | E24: =IF($I24>0,VLOOKUP(I24,'Lista de Precios'!$A$3:$H$2883,6,0),"") | F24: =IF($I24>0,VLOOKUP(I24,'Lista de Precios'!$A$3:$H$2883,8,0),"") | G24: =IF(AN24="","",AN24*1.87) | H24: 0 | J24: =+E24 | K24: =+IF($I24>0,VLOOKUP($I24,'Lista de Precios'!$A$3:$H$2883,5,0),0) -> 0 | AM24: =+IF(I24>0,SUM(L24:AL24),0) -> 0 | AN24: =+IF($I24>0,VLOOKUP($I24,'Lista de Precios'!$A$3:$H$2883,4,0),"") | AO24: =+IF(AM24>0,AN24*AM24,"") | AP24: =IF($I24>0,VLOOKUP($I24,'Lista de Precios'!$A$3:$K$2883,10,0),"") | AQ24: =IF($I24>0,VLOOKUP($I24,'Lista de Precios'!$A$3:$M$4893,13,0),"") | AR24: =IF($I24>0,VLOOKUP(I24,'Lista de Precios'!$A$3:$M$2883,13,0),"") | XEP24: =+IF($AQ24=$XEP$13,$AM24,"") | XEQ24: =+IF($AQ24=$XEQ$13,$AM24,"") | XER24: =+IF($AQ24=$XER$13,$AM24,"") | XES24: =+IF($AQ24=$XES$13,$AM24,"")
A25: =IF($I25>0,VLOOKUP(I25,'Lista de Precios'!$A$3:$L$2883,9,0),0) -> Hombre | B25: =IF($I25>0,VLOOKUP(I25,'Lista de Precios'!$A$3:$H$2883,7,0),0) -> CONT | C25: =IF($I25>0,VLOOKUP(I25,'Lista de Precios'!$A$3:$H$2883,2,0),"") -> SAN CIRO V TF | D25: =IF($I25>0,VLOOKUP(I25,'Lista de Precios'!$A$3:$H$2883,3,0),"") -> NEGRO | E25: =IF($I25>0,VLOOKUP(I25,'Lista de Precios'!$A$3:$H$2883,6,0),"") -> ENERO | F25: =IF($I25>0,VLOOKUP(I25,'Lista de Precios'!$A$3:$H$2883,8,0),"") -> 35 AL 46 | G25: =IF(AN25="","",AN25*1.87) -> 61900 | H25: 0 | I25: 25886 | J25: =+E25 -> ENERO | K25: =+IF($I25>0,VLOOKUP($I25,'Lista de Precios'!$A$3:$H$2883,5,0),0) -> 1 | AF25: 2 | AG25: 2 | AH25: 4 | AI25: 2 | AM25: =+IF(I25>0,SUM(L25:AL25),0) -> 10 | AN25: =+IF($I25>0,VLOOKUP($I25,'Lista de Precios'!$A$3:$H$2883,4,0),"") -> 33101.604 | AO25: =+IF(AM25>0,AN25*AM25,"") -> 331016.04 | AP25: =IF($I25>0,VLOOKUP($I25,'Lista de Precios'!$A$3:$K$2883,10,0),"") -> Futbol | AQ25: =IF($I25>0,VLOOKUP($I25,'Lista de Precios'!$A$3:$M$4893,13,0),"") -> Multideporte | AR25: =IF($I25>0,VLOOKUP(I25,'Lista de Precios'!$A$3:$M$2883,13,0),"") -> Multideporte | XEP25: =+IF($AQ25=$XEP$13,$AM25,"") | XEQ25: =+IF($AQ25=$XEQ$13,$AM25,"") | XER25: =+IF($AQ25=$XER$13,$AM25,"") | XES25: =+IF($AQ25=$XES$13,$AM25,"")
A26: =IF($I26>0,VLOOKUP(I26,'Lista de Precios'!$A$3:$L$2883,9,0),0) -> Hombre | B26: =IF($I26>0,VLOOKUP(I26,'Lista de Precios'!$A$3:$H$2883,7,0),0) -> CONT | C26: =IF($I26>0,VLOOKUP(I26,'Lista de Precios'!$A$3:$H$2883,2,0),"") -> SAN CIRO V TF | D26: =IF($I26>0,VLOOKUP(I26,'Lista de Precios'!$A$3:$H$2883,3,0),"") -> BLANCO / NEGRO | E26: =IF($I26>0,VLOOKUP(I26,'Lista de Precios'!$A$3:$H$2883,6,0),"") -> ENERO | F26: =IF($I26>0,VLOOKUP(I26,'Lista de Precios'!$A$3:$H$2883,8,0),"") -> 35 AL 46 | G26: =IF(AN26="","",AN26*1.87) -> 61900 | H26: 0 | I26: 26459 | J26: =+E26 -> ENERO | K26: =+IF($I26>0,VLOOKUP($I26,'Lista de Precios'!$A$3:$H$2883,5,0),0) -> 1 | AH26: 2 | AM26: =+IF(I26>0,SUM(L26:AL26),0) -> 2 | AN26: =+IF($I26>0,VLOOKUP($I26,'Lista de Precios'!$A$3:$H$2883,4,0),"") -> 33101.604 | AO26: =+IF(AM26>0,AN26*AM26,"") -> 66203.209 | AP26: =IF($I26>0,VLOOKUP($I26,'Lista de Precios'!$A$3:$K$2883,10,0),"") -> Futbol | AQ26: =IF($I26>0,VLOOKUP($I26,'Lista de Precios'!$A$3:$M$4893,13,0),"") -> Multideporte | AR26: =IF($I26>0,VLOOKUP(I26,'Lista de Precios'!$A$3:$M$2883,13,0),"") -> Multideporte | XEP26: =+IF($AQ26=$XEP$13,$AM26,"") | XEQ26: =+IF($AQ26=$XEQ$13,$AM26,"") | XER26: =+IF($AQ26=$XER$13,$AM26,"") | XES26: =+IF($AQ26=$XES$13,$AM26,"")
A27: =IF($I27>0,VLOOKUP(I27,'Lista de Precios'!$A$3:$L$2883,9,0),0) -> Kids | B27: =IF($I27>0,VLOOKUP(I27,'Lista de Precios'!$A$3:$H$2883,7,0),0) -> CONT | C27: =IF($I27>0,VLOOKUP(I27,'Lista de Precios'!$A$3:$H$2883,2,0),"") -> SAN CIRO V TF KIDS | D27: =IF($I27>0,VLOOKUP(I27,'Lista de Precios'!$A$3:$H$2883,3,0),"") -> NEGRO | E27: =IF($I27>0,VLOOKUP(I27,'Lista de Precios'!$A$3:$H$2883,6,0),"") -> ENERO | F27: =IF($I27>0,VLOOKUP(I27,'Lista de Precios'!$A$3:$H$2883,8,0),"") -> 25 AL 34 | G27: =IF(AN27="","",AN27*1.87) -> 46900 | H27: 0 | I27: 25528 | J27: =+E27 -> ENERO | K27: =+IF($I27>0,VLOOKUP($I27,'Lista de Precios'!$A$3:$H$2883,5,0),0) -> 1 | S27: 2 | T27: 2 | V27: 4 | AM27: =+IF(I27>0,SUM(L27:AL27),0) -> 8 | AN27: =+IF($I27>0,VLOOKUP($I27,'Lista de Precios'!$A$3:$H$2883,4,0),"") -> 25080.214 | AO27: =+IF(AM27>0,AN27*AM27,"") -> 200641.71 | AP27: =IF($I27>0,VLOOKUP($I27,'Lista de Precios'!$A$3:$K$2883,10,0),"") -> Futbol | AQ27: =IF($I27>0,VLOOKUP($I27,'Lista de Precios'!$A$3:$M$4893,13,0),"") -> Kids | AR27: =IF($I27>0,VLOOKUP(I27,'Lista de Precios'!$A$3:$M$2883,13,0),"") -> Kids | XEP27: =+IF($AQ27=$XEP$13,$AM27,"") | XEQ27: =+IF($AQ27=$XEQ$13,$AM27,"") | XER27: =+IF($AQ27=$XER$13,$AM27,"") | XES27: =+IF($AQ27=$XES$13,$AM27,"") -> 8
A28: =IF($I28>0,VLOOKUP(I28,'Lista de Precios'!$A$3:$L$2883,9,0),0) -> 0 | B28: =IF($I28>0,VLOOKUP(I28,'Lista de Precios'!$A$3:$H$2883,7,0),0) -> 0 | C28: =IF($I28>0,VLOOKUP(I28,'Lista de Precios'!$A$3:$H$2883,2,0),"") | D28: =IF($I28>0,VLOOKUP(I28,'Lista de Precios'!$A$3:$H$2883,3,0),"") | E28: =IF($I28>0,VLOOKUP(I28,'Lista de Precios'!$A$3:$H$2883,6,0),"") | F28: =IF($I28>0,VLOOKUP(I28,'Lista de Precios'!$A$3:$H$2883,8,0),"") | G28: =IF(AN28="","",AN28*1.87) | H28: 0 | J28: =+E28 | K28: =+IF($I28>0,VLOOKUP($I28,'Lista de Precios'!$A$3:$H$2883,5,0),0) -> 0 | AM28: =+IF(I28>0,SUM(L28:AL28),0) -> 0 | AN28: =+IF($I28>0,VLOOKUP($I28,'Lista de Precios'!$A$3:$H$2883,4,0),"") | AO28: =+IF(AM28>0,AN28*AM28,"") | AP28: =IF($I28>0,VLOOKUP($I28,'Lista de Precios'!$A$3:$K$2883,10,0),"") | AQ28: =IF($I28>0,VLOOKUP($I28,'Lista de Precios'!$A$3:$M$4893,13,0),"") | AR28: =IF($I28>0,VLOOKUP(I28,'Lista de Precios'!$A$3:$M$2883,13,0),"") | XEP28: =+IF($AQ28=$XEP$13,$AM28,"") | XEQ28: =+IF($AQ28=$XEQ$13,$AM28,"") | XER28: =+IF($AQ28=$XER$13,$AM28,"") | XES28: =+IF($AQ28=$XES$13,$AM28,"")
A29: =IF($I29>0,VLOOKUP(I29,'Lista de Precios'!$A$3:$L$2883,9,0),0) -> Kids | B29: =IF($I29>0,VLOOKUP(I29,'Lista de Precios'!$A$3:$H$2883,7,0),0) -> CONT | C29: =IF($I29>0,VLOOKUP(I29,'Lista de Precios'!$A$3:$H$2883,2,0),"") -> GONDOR III KIDS | D29: =IF($I29>0,VLOOKUP(I29,'Lista de Precios'!$A$3:$H$2883,3,0),"") -> NEGRO / BLANCO | E29: =IF($I29>0,VLOOKUP(I29,'Lista de Precios'!$A$3:$H$2883,6,0),"") -> ENERO | F29: =IF($I29>0,VLOOKUP(I29,'Lista de Precios'!$A$3:$H$2883,8,0),"") -> 25 AL 34 | G29: =IF(AN29="","",AN29*1.87) -> 62900 | H29: 0 | I29: 25600 | J29: =+E29 -> ENERO | K29: =+IF($I29>0,VLOOKUP($I29,'Lista de Precios'!$A$3:$H$2883,5,0),0) -> 1 | Q29: 2 | R29: 2 | V29: 2 | W29: 4 | X29: 4 | Y29: 2 | Z29: 2 | AM29: =+IF(I29>0,SUM(L29:AL29),0) -> 18 | AN29: =+IF($I29>0,VLOOKUP($I29,'Lista de Precios'!$A$3:$H$2883,4,0),"") -> 33636.364 | AO29: =+IF(AM29>0,AN29*AM29,"") -> 605454.55 | AP29: =IF($I29>0,VLOOKUP($I29,'Lista de Precios'!$A$3:$K$2883,10,0),"") -> Outdoor | AQ29: =IF($I29>0,VLOOKUP($I29,'Lista de Precios'!$A$3:$M$4893,13,0),"") -> Kids | AR29: =IF($I29>0,VLOOKUP(I29,'Lista de Precios'!$A$3:$M$2883,13,0),"") -> Kids | XEP29: =+IF($AQ29=$XEP$13,$AM29,"") | XEQ29: =+IF($AQ29=$XEQ$13,$AM29,"") | XER29: =+IF($AQ29=$XER$13,$AM29,"") | XES29: =+IF($AQ29=$XES$13,$AM29,"") -> 18
A30: =IF($I30>0,VLOOKUP(I30,'Lista de Precios'!$A$3:$L$2883,9,0),0) -> 0 | B30: =IF($I30>0,VLOOKUP(I30,'Lista de Precios'!$A$3:$H$2883,7,0),0) -> 0 | C30: =IF($I30>0,VLOOKUP(I30,'Lista de Precios'!$A$3:$H$2883,2,0),"") | D30: =IF($I30>0,VLOOKUP(I30,'Lista de Precios'!$A$3:$H$2883,3,0),"") | E30: =IF($I30>0,VLOOKUP(I30,'Lista de Precios'!$A$3:$H$2883,6,0),"") | F30: =IF($I30>0,VLOOKUP(I30,'Lista de Precios'!$A$3:$H$2883,8,0),"") | G30: =IF(AN30="","",AN30*1.87) | H30: 0 | J30: =+E30 | K30: =+IF($I30>0,VLOOKUP($I30,'Lista de Precios'!$A$3:$H$2883,5,0),0) -> 0 | AM30: =+IF(I30>0,SUM(L30:AL30),0) -> 0 | AN30: =+IF($I30>0,VLOOKUP($I30,'Lista de Precios'!$A$3:$H$2883,4,0),"") | AO30: =+IF(AM30>0,AN30*AM30,"") | AP30: =IF($I30>0,VLOOKUP($I30,'Lista de Precios'!$A$3:$K$2883,10,0),"") | AQ30: =IF($I30>0,VLOOKUP($I30,'Lista de Precios'!$A$3:$M$4893,13,0),"") | AR30: =IF($I30>0,VLOOKUP(I30,'Lista de Precios'!$A$3:$M$2883,13,0),"") | XEP30: =+IF($AQ30=$XEP$13,$AM30,"") | XEQ30: =+IF($AQ30=$XEQ$13,$AM30,"") | XER30: =+IF($AQ30=$XER$13,$AM30,"") | XES30: =+IF($AQ30=$XES$13,$AM30,"")
A31: =IF($I31>0,VLOOKUP(I31,'Lista de Precios'!$A$3:$L$2883,9,0),0) -> Unisex | B31: =IF($I31>0,VLOOKUP(I31,'Lista de Precios'!$A$3:$H$2883,7,0),0) -> CONT | C31: =IF($I31>0,VLOOKUP(I31,'Lista de Precios'!$A$3:$H$2883,2,0),"") -> VALLARTA | D31: =IF($I31>0,VLOOKUP(I31,'Lista de Precios'!$A$3:$H$2883,3,0),"") -> BLANCO/GRIS CHIP/PLATA | E31: =IF($I31>0,VLOOKUP(I31,'Lista de Precios'!$A$3:$H$2883,6,0),"") -> MARZO | F31: =IF($I31>0,VLOOKUP(I31,'Lista de Precios'!$A$3:$H$2883,8,0),"") -> 35 AL 45 | G31: =IF(AN31="","",AN31*1.87) -> 88900 | H31: 0 | I31: 25642 | J31: =+E31 -> MARZO | AD31: 8 | AE31: 4 | AF31: 4 | AG31: 4 | AK31: 2 | AM31: =+IF(I31>0,SUM(L31:AL31),0) -> 22 | AN31: =+IF($I31>0,VLOOKUP($I31,'Lista de Precios'!$A$3:$H$2883,4,0),"") -> 47540.107 | AO31: =+IF(AM31>0,AN31*AM31,"") -> 1045882.4 | AP31: =IF($I31>0,VLOOKUP($I31,'Lista de Precios'!$A$3:$K$2883,10,0),"") -> Casual | AQ31: =IF($I31>0,VLOOKUP($I31,'Lista de Precios'!$A$3:$M$49893,13,0),"") -> Casual | XEO31: =+IF($AQ31=$XEO$13,$AM31,"") | XEP31: =+IF($AQ31=$XEP$13,$AM31,"") -> 22 | XEQ31: =+IF($AQ31=$XEQ$13,$AM31,"") | XER31: =+IF($AQ31=$XER$13,$AM31,"")
A32: =IF($I32>0,VLOOKUP(I32,'Lista de Precios'!$A$3:$L$2883,9,0),0) -> Unisex | B32: =IF($I32>0,VLOOKUP(I32,'Lista de Precios'!$A$3:$H$2883,7,0),0) -> CONT | C32: =IF($I32>0,VLOOKUP(I32,'Lista de Precios'!$A$3:$H$2883,2,0),"") -> VALLARTA | D32: =IF($I32>0,VLOOKUP(I32,'Lista de Precios'!$A$3:$H$2883,3,0),"") -> NEGRO | E32: =IF($I32>0,VLOOKUP(I32,'Lista de Precios'!$A$3:$H$2883,6,0),"") -> MARZO | F32: =IF($I32>0,VLOOKUP(I32,'Lista de Precios'!$A$3:$H$2883,8,0),"") -> 35 AL 45 | G32: =IF(AN32="","",AN32*1.87) -> 88900 | H32: 0 | I32: 27363 | J32: =+E32 -> MARZO | AC32: 2 | AD32: 2 | AE32: 6 | AF32: 2 | AK32: 2 | AM32: =+IF(I32>0,SUM(L32:AL32),0) -> 14 | AN32: =+IF($I32>0,VLOOKUP($I32,'Lista de Precios'!$A$3:$H$2883,4,0),"") -> 47540.107 | AO32: =+IF(AM32>0,AN32*AM32,"") -> 665561.5 | AP32: =IF($I32>0,VLOOKUP($I32,'Lista de Precios'!$A$3:$K$2883,10,0),"") -> Casual | AQ32: =IF($I32>0,VLOOKUP($I32,'Lista de Precios'!$A$3:$M$49893,13,0),"") -> Casual | XEO32: =+IF($AQ32=$XEO$13,$AM32,"") | XEP32: =+IF($AQ32=$XEP$13,$AM32,"") -> 14 | XEQ32: =+IF($AQ32=$XEQ$13,$AM32,"") | XER32: =+IF($AQ32=$XER$13,$AM32,"")
A33: =IF($I33>0,VLOOKUP(I33,'Lista de Precios'!$A$3:$L$2883,9,0),0) -> Unisex | B33: =IF($I33>0,VLOOKUP(I33,'Lista de Precios'!$A$3:$H$2883,7,0),0) -> CONT | C33: =IF($I33>0,VLOOKUP(I33,'Lista de Precios'!$A$3:$H$2883,2,0),"") -> TERRANO II | D33: =IF($I33>0,VLOOKUP(I33,'Lista de Precios'!$A$3:$H$2883,3,0),"") -> NEGRO/CARAMELO | E33: =IF($I33>0,VLOOKUP(I33,'Lista de Precios'!$A$3:$H$2883,6,0),"") -> ENERO | F33: =IF($I33>0,VLOOKUP(I33,'Lista de Precios'!$A$3:$H$2883,8,0),"") -> 35 AL 46 | G33: =IF(AN33="","",AN33*1.87) -> 89500 | H33: 0 | I33: 26454 | J33: =+E33 -> ENERO | K33: =+IF($I33>0,VLOOKUP($I33,'Lista de Precios'!$A$3:$H$2883,5,0),0) -> 1 | AA33: 2 | AB33: 2 | AC33: 4 | AD33: 6 | AE33: 12 | AF33: 12 | AG33: 8 | AH33: 8 | AI33: 4 | AJ33: 2 | AM33: =+IF(I33>0,SUM(L33:AL33),0) -> 60 | AN33: =+IF($I33>0,VLOOKUP($I33,'Lista de Precios'!$A$3:$H$2883,4,0),"") -> 47860.963 | AO33: =+IF(AM33>0,AN33*AM33,"") -> 2871657.8 | AP33: =IF($I33>0,VLOOKUP($I33,'Lista de Precios'!$A$3:$K$2883,10,0),"") -> Casual | AQ33: =IF($I33>0,VLOOKUP($I33,'Lista de Precios'!$A$3:$M$4893,13,0),"") -> Casual | AR33: =IF($I33>0,VLOOKUP(I33,'Lista de Precios'!$A$3:$M$2883,13,0),"") -> Casual | XEP33: =+IF($AQ33=$XEP$13,$AM33,"") -> 60 | XEQ33: =+IF($AQ33=$XEQ$13,$AM33,"") | XER33: =+IF($AQ33=$XER$13,$AM33,"") | XES33: =+IF($AQ33=$XES$13,$AM33,"")
A34: =IF($I34>0,VLOOKUP(I34,'Lista de Precios'!$A$3:$L$2883,9,0),0) -> Unisex | B34: =IF($I34>0,VLOOKUP(I34,'Lista de Precios'!$A$3:$H$2883,7,0),0) -> CONT | C34: =IF($I34>0,VLOOKUP(I34,'Lista de Precios'!$A$3:$H$2883,2,0),"") -> AKRON 2MIL | D34: =IF($I34>0,VLOOKUP(I34,'Lista de Precios'!$A$3:$H$2883,3,0),"") -> BLANCO/AZUL/PLATA | E34: =IF($I34>0,VLOOKUP(I34,'Lista de Precios'!$A$3:$H$2883,6,0),"") -> ENERO | F34: =IF($I34>0,VLOOKUP(I34,'Lista de Precios'!$A$3:$H$2883,8,0),"") -> 35 AL 45 | G34: =IF(AN34="","",AN34*1.87) -> 86900 | H34: 0 | I34: 52280 | J34: =+E34 -> ENERO | K34: =+IF($I34>0,VLOOKUP($I34,'Lista de Precios'!$A$3:$H$2883,5,0),0) -> 1 | AC34: 4 | AD34: 6 | AE34: 4 | AF34: 4 | AM34: =+IF(I34>0,SUM(L34:AL34),0) -> 18 | AN34: =+IF($I34>0,VLOOKUP($I34,'Lista de Precios'!$A$3:$H$2883,4,0),"") -> 46470.588 | AO34: =+IF(AM34>0,AN34*AM34,"") -> 836470.59 | AP34: =IF($I34>0,VLOOKUP($I34,'Lista de Precios'!$A$3:$K$2883,10,0),"") -> Casual | AQ34: =IF($I34>0,VLOOKUP($I34,'Lista de Precios'!$A$3:$M$4893,13,0),"") -> Casual | AR34: =IF($I34>0,VLOOKUP(I34,'Lista de Precios'!$A$3:$M$2883,13,0),"") -> Casual | XEP34: =+IF($AQ34=$XEP$13,$AM34,"") -> 18 | XEQ34: =+IF($AQ34=$XEQ$13,$AM34,"") | XER34: =+IF($AQ34=$XER$13,$AM34,"") | XES34: =+IF($AQ34=$XES$13,$AM34,"")
A35: =IF($I35>0,VLOOKUP(I35,'Lista de Precios'!$A$3:$L$2883,9,0),0) -> Unisex | B35: =IF($I35>0,VLOOKUP(I35,'Lista de Precios'!$A$3:$H$2883,7,0),0) -> CONT | C35: =IF($I35>0,VLOOKUP(I35,'Lista de Precios'!$A$3:$H$2883,2,0),"") -> AKRON 2MIL | D35: =IF($I35>0,VLOOKUP(I35,'Lista de Precios'!$A$3:$H$2883,3,0),"") -> GRIS ANTAR/PLATEADO CLARO | E35: =IF($I35>0,VLOOKUP(I35,'Lista de Precios'!$A$3:$H$2883,6,0),"") -> ENERO | F35: =IF($I35>0,VLOOKUP(I35,'Lista de Precios'!$A$3:$H$2883,8,0),"") -> 35 AL 45 | G35: =IF(AN35="","",AN35*1.87) -> 86900 | H35: 0 | I35: 52224 | J35: =+E35 -> ENERO | K35: =+IF($I35>0,VLOOKUP($I35,'Lista de Precios'!$A$3:$H$2883,5,0),0) -> 1 | AC35: 2 | AD35: 4 | AE35: 4 | AF35: 2 | AM35: =+IF(I35>0,SUM(L35:AL35),0) -> 12 | AN35: =+IF($I35>0,VLOOKUP($I35,'Lista de Precios'!$A$3:$H$2883,4,0),"") -> 46470.588 | AO35: =+IF(AM35>0,AN35*AM35,"") -> 557647.06 | AP35: =IF($I35>0,VLOOKUP($I35,'Lista de Precios'!$A$3:$K$2883,10,0),"") -> Casual | AQ35: =IF($I35>0,VLOOKUP($I35,'Lista de Precios'!$A$3:$M$4893,13,0),"") -> Casual | AR35: =IF($I35>0,VLOOKUP(I35,'Lista de Precios'!$A$3:$M$2883,13,0),"") -> Casual | XEP35: =+IF($AQ35=$XEP$13,$AM35,"") -> 12 | XEQ35: =+IF($AQ35=$XEQ$13,$AM35,"") | XER35: =+IF($AQ35=$XER$13,$AM35,"") | XES35: =+IF($AQ35=$XES$13,$AM35,"")
A36: =IF($I36>0,VLOOKUP(I36,'Lista de Precios'!$A$3:$L$2883,9,0),0) -> Unisex | B36: =IF($I36>0,VLOOKUP(I36,'Lista de Precios'!$A$3:$H$2883,7,0),0) -> NC | C36: =IF($I36>0,VLOOKUP(I36,'Lista de Precios'!$A$3:$H$2883,2,0),"") -> T-850 | D36: =IF($I36>0,VLOOKUP(I36,'Lista de Precios'!$A$3:$H$2883,3,0),"") -> GRIS LUNAR/GRIS CITY/GRIS PE | E36: =IF($I36>0,VLOOKUP(I36,'Lista de Precios'!$A$3:$H$2883,6,0),"") -> FEBRERO | F36: =IF($I36>0,VLOOKUP(I36,'Lista de Precios'!$A$3:$H$2883,8,0),"") -> 35 AL 45 | G36: =IF(AN36="","",AN36*1.87) -> 83900 | H36: 0 | I36: 27364 | J36: =+E36 -> FEBRERO | AD36: 2 | AE36: 2 | AF36: 2 | AG36: 4 | AH36: 6 | AI36: 4 | AJ36: 2 | AK36: 2 | AM36: =+IF(I36>0,SUM(L36:AL36),0) -> 24 | AN36: =+IF($I36>0,VLOOKUP($I36,'Lista de Precios'!$A$3:$H$2883,4,0),"") -> 44866.31 | AO36: =+IF(AM36>0,AN36*AM36,"") -> 1076791.4 | AP36: =IF($I36>0,VLOOKUP($I36,'Lista de Precios'!$A$3:$K$2883,10,0),"") -> Casual | AQ36: =IF($I36>0,VLOOKUP($I36,'Lista de Precios'!$A$3:$M$49893,13,0),"") -> Casual | XEO36: =+IF($AQ36=$XEO$13,$AM36,"") | XEP36: =+IF($AQ36=$XEP$13,$AM36,"") -> 24 | XEQ36: =+IF($AQ36=$XEQ$13,$AM36,"") | XER36: =+IF($AQ36=$XER$13,$AM36,"")
A37: =IF($I37>0,VLOOKUP(I37,'Lista de Precios'!$A$3:$L$2883,9,0),0) -> 0 | B37: =IF($I37>0,VLOOKUP(I37,'Lista de Precios'!$A$3:$H$2883,7,0),0) -> 0 | C37: =IF($I37>0,VLOOKUP(I37,'Lista de Precios'!$A$3:$H$2883,2,0),"") | D37: =IF($I37>0,VLOOKUP(I37,'Lista de Precios'!$A$3:$H$2883,3,0),"") | E37: =IF($I37>0,VLOOKUP(I37,'Lista de Precios'!$A$3:$H$2883,6,0),"") | F37: =IF($I37>0,VLOOKUP(I37,'Lista de Precios'!$A$3:$H$2883,8,0),"") | G37: =IF(AN37="","",AN37*1.87) | H37: 0 | J37: =+E37 | K37: =+IF($I37>0,VLOOKUP($I37,'Lista de Precios'!$A$3:$H$2883,5,0),0) -> 0 | AM37: =+IF(I37>0,SUM(L37:AL37),0) -> 0 | AN37: =+IF($I37>0,VLOOKUP($I37,'Lista de Precios'!$A$3:$H$2883,4,0),"") | AO37: =+IF(AM37>0,AN37*AM37,"") | AP37: =IF($I37>0,VLOOKUP($I37,'Lista de Precios'!$A$3:$K$2883,10,0),"") | AQ37: =IF($I37>0,VLOOKUP($I37,'Lista de Precios'!$A$3:$M$4893,13,0),"") | AR37: =IF($I37>0,VLOOKUP(I37,'Lista de Precios'!$A$3:$M$2883,13,0),"") | XEP37: =+IF($AQ37=$XEP$13,$AM37,"") | XEQ37: =+IF($AQ37=$XEQ$13,$AM37,"") | XER37: =+IF($AQ37=$XER$13,$AM37,"") | XES37: =+IF($AQ37=$XES$13,$AM37,"")
A38: =IF($I38>0,VLOOKUP(I38,'Lista de Precios'!$A$3:$L$2883,9,0),0) -> 0 | B38: =IF($I38>0,VLOOKUP(I38,'Lista de Precios'!$A$3:$H$2883,7,0),0) -> 0 | C38: =IF($I38>0,VLOOKUP(I38,'Lista de Precios'!$A$3:$H$2883,2,0),"") | D38: =IF($I38>0,VLOOKUP(I38,'Lista de Precios'!$A$3:$H$2883,3,0),"") | E38: =IF($I38>0,VLOOKUP(I38,'Lista de Precios'!$A$3:$H$2883,6,0),"") | F38: =IF($I38>0,VLOOKUP(I38,'Lista de Precios'!$A$3:$H$2883,8,0),"") | G38: =IF(AN38="","",AN38*1.87) | H38: 0 | J38: =+E38 | K38: =+IF($I38>0,VLOOKUP($I38,'Lista de Precios'!$A$3:$H$2883,5,0),0) -> 0 | AM38: =+IF(I38>0,SUM(L38:AL38),0) -> 0 | AN38: =+IF($I38>0,VLOOKUP($I38,'Lista de Precios'!$A$3:$H$2883,4,0),"") | AO38: =+IF(AM38>0,AN38*AM38,"") | AP38: =IF($I38>0,VLOOKUP($I38,'Lista de Precios'!$A$3:$K$2883,10,0),"") | AQ38: =IF($I38>0,VLOOKUP($I38,'Lista de Precios'!$A$3:$M$4893,13,0),"") | AR38: =IF($I38>0,VLOOKUP(I38,'Lista de Precios'!$A$3:$M$2883,13,0),"") | XEP38: =+IF($AQ38=$XEP$13,$AM38,"") | XEQ38: =+IF($AQ38=$XEQ$13,$AM38,"") | XER38: =+IF($AQ38=$XER$13,$AM38,"") | XES38: =+IF($AQ38=$XES$13,$AM38,"")
A39: =IF($I39>0,VLOOKUP(I39,'Lista de Precios'!$A$3:$L$2883,9,0),0) -> 0 | B39: =IF($I39>0,VLOOKUP(I39,'Lista de Precios'!$A$3:$H$2883,7,0),0) -> 0 | C39: =IF($I39>0,VLOOKUP(I39,'Lista de Precios'!$A$3:$H$2883,2,0),"") | D39: =IF($I39>0,VLOOKUP(I39,'Lista de Precios'!$A$3:$H$2883,3,0),"") | E39: =IF($I39>0,VLOOKUP(I39,'Lista de Precios'!$A$3:$H$2883,6,0),"") | F39: =IF($I39>0,VLOOKUP(I39,'Lista de Precios'!$A$3:$H$2883,8,0),"") | G39: =IF(AN39="","",AN39*1.87) | H39: 0 | J39: =+E39 | K39: =+IF($I39>0,VLOOKUP($I39,'Lista de Precios'!$A$3:$H$2883,5,0),0) -> 0 | AM39: =+IF(I39>0,SUM(L39:AL39),0) -> 0 | AN39: =+IF($I39>0,VLOOKUP($I39,'Lista de Precios'!$A$3:$H$2883,4,0),"") | AO39: =+IF(AM39>0,AN39*AM39,"") | AP39: =IF($I39>0,VLOOKUP($I39,'Lista de Precios'!$A$3:$K$2883,10,0),"") | AQ39: =IF($I39>0,VLOOKUP($I39,'Lista de Precios'!$A$3:$M$4893,13,0),"") | AR39: =IF($I39>0,VLOOKUP(I39,'Lista de Precios'!$A$3:$M$2883,13,0),"") | XEP39: =+IF($AQ39=$XEP$13,$AM39,"") | XEQ39: =+IF($AQ39=$XEQ$13,$AM39,"") | XER39: =+IF($AQ39=$XER$13,$AM39,"") | XES39: =+IF($AQ39=$XES$13,$AM39,"")
A40: =IF($I40>0,VLOOKUP(I40,'Lista de Precios'!$A$3:$L$2883,9,0),0) -> 0 | B40: =IF($I40>0,VLOOKUP(I40,'Lista de Precios'!$A$3:$H$2883,7,0),0) -> 0 | C40: =IF($I40>0,VLOOKUP(I40,'Lista de Precios'!$A$3:$H$2883,2,0),"") | D40: =IF($I40>0,VLOOKUP(I40,'Lista de Precios'!$A$3:$H$2883,3,0),"") | E40: =IF($I40>0,VLOOKUP(I40,'Lista de Precios'!$A$3:$H$2883,6,0),"") | F40: =IF($I40>0,VLOOKUP(I40,'Lista de Precios'!$A$3:$H$2883,8,0),"") | G40: =IF(AN40="","",AN40*1.87) | H40: 0 | J40: =+E40 | K40: =+IF($I40>0,VLOOKUP($I40,'Lista de Precios'!$A$3:$H$2883,5,0),0) -> 0 | AM40: =+IF(I40>0,SUM(L40:AL40),0) -> 0 | AN40: =+IF($I40>0,VLOOKUP($I40,'Lista de Precios'!$A$3:$H$2883,4,0),"") | AO40: =+IF(AM40>0,AN40*AM40,"") | AP40: =IF($I40>0,VLOOKUP($I40,'Lista de Precios'!$A$3:$K$2883,10,0),"") | AQ40: =IF($I40>0,VLOOKUP($I40,'Lista de Precios'!$A$3:$M$4893,13,0),"") | AR40: =IF($I40>0,VLOOKUP(I40,'Lista de Precios'!$A$3:$M$2883,13,0),"") | XEP40: =+IF($AQ40=$XEP$13,$AM40,"") | XEQ40: =+IF($AQ40=$XEQ$13,$AM40,"") | XER40: =+IF($AQ40=$XER$13,$AM40,"") | XES40: =+IF($AQ40=$XES$13,$AM40,"")
A41: =IF($I41>0,VLOOKUP(I41,'Lista de Precios'!$A$3:$L$2883,9,0),0) -> 0 | B41: =IF($I41>0,VLOOKUP(I41,'Lista de Precios'!$A$3:$H$2883,7,0),0) -> 0 | C41: =IF($I41>0,VLOOKUP(I41,'Lista de Precios'!$A$3:$H$2883,2,0),"") | D41: =IF($I41>0,VLOOKUP(I41,'Lista de Precios'!$A$3:$H$2883,3,0),"") | E41: =IF($I41>0,VLOOKUP(I41,'Lista de Precios'!$A$3:$H$2883,6,0),"") | F41: =IF($I41>0,VLOOKUP(I41,'Lista de Precios'!$A$3:$H$2883,8,0),"") | G41: =IF(AN41="","",AN41*1.87) | H41: 0 | J41: =+E41 | K41: =+IF($I41>0,VLOOKUP($I41,'Lista de Precios'!$A$3:$H$2883,5,0),0) -> 0 | AM41: =+IF(I41>0,SUM(L41:AL41),0) -> 0 | AN41: =+IF($I41>0,VLOOKUP($I41,'Lista de Precios'!$A$3:$H$2883,4,0),"") | AO41: =+IF(AM41>0,AN41*AM41,"") | AP41: =IF($I41>0,VLOOKUP($I41,'Lista de Precios'!$A$3:$K$2883,10,0),"") | AQ41: =IF($I41>0,VLOOKUP($I41,'Lista de Precios'!$A$3:$M$4893,13,0),"") | AR41: =IF($I41>0,VLOOKUP(I41,'Lista de Precios'!$A$3:$M$2883,13,0),"") | XEP41: =+IF($AQ41=$XEP$13,$AM41,"") | XEQ41: =+IF($AQ41=$XEQ$13,$AM41,"") | XER41: =+IF($AQ41=$XER$13,$AM41,"") | XES41: =+IF($AQ41=$XES$13,$AM41,"")
A42: =IF($I42>0,VLOOKUP(I42,'Lista de Precios'!$A$3:$L$2883,9,0),0) -> 0 | B42: =IF($I42>0,VLOOKUP(I42,'Lista de Precios'!$A$3:$H$2883,7,0),0) -> 0 | C42: =IF($I42>0,VLOOKUP(I42,'Lista de Precios'!$A$3:$H$2883,2,0),"") | D42: =IF($I42>0,VLOOKUP(I42,'Lista de Precios'!$A$3:$H$2883,3,0),"") | E42: =IF($I42>0,VLOOKUP(I42,'Lista de Precios'!$A$3:$H$2883,6,0),"") | F42: =IF($I42>0,VLOOKUP(I42,'Lista de Precios'!$A$3:$H$2883,8,0),"") | G42: =IF(AN42="","",AN42*1.87) | H42: 0 | J42: =+E42 | K42: =+IF($I42>0,VLOOKUP($I42,'Lista de Precios'!$A$3:$H$2883,5,0),0) -> 0 | AM42: =+IF(I42>0,SUM(L42:AL42),0) -> 0 | AN42: =+IF($I42>0,VLOOKUP($I42,'Lista de Precios'!$A$3:$H$2883,4,0),"") | AO42: =+IF(AM42>0,AN42*AM42,"") | AP42: =IF($I42>0,VLOOKUP($I42,'Lista de Precios'!$A$3:$K$2883,10,0),"") | AQ42: =IF($I42>0,VLOOKUP($I42,'Lista de Precios'!$A$3:$M$4893,13,0),"") | AR42: =IF($I42>0,VLOOKUP(I42,'Lista de Precios'!$A$3:$M$2883,13,0),"") | XEP42: =+IF($AQ42=$XEP$13,$AM42,"") | XEQ42: =+IF($AQ42=$XEQ$13,$AM42,"") | XER42: =+IF($AQ42=$XER$13,$AM42,"") | XES42: =+IF($AQ42=$XES$13,$AM42,"")
A43: =IF($I43>0,VLOOKUP(I43,'Lista de Precios'!$A$3:$L$2883,9,0),0) -> 0 | B43: =IF($I43>0,VLOOKUP(I43,'Lista de Precios'!$A$3:$H$2883,7,0),0) -> 0 | C43: =IF($I43>0,VLOOKUP(I43,'Lista de Precios'!$A$3:$H$2883,2,0),"") | D43: =IF($I43>0,VLOOKUP(I43,'Lista de Precios'!$A$3:$H$2883,3,0),"") | E43: =IF($I43>0,VLOOKUP(I43,'Lista de Precios'!$A$3:$H$2883,6,0),"") | F43: =IF($I43>0,VLOOKUP(I43,'Lista de Precios'!$A$3:$H$2883,8,0),"") | G43: =IF(AN43="","",AN43*1.87) | H43: 0 | J43: =+E43 | K43: =+IF($I43>0,VLOOKUP($I43,'Lista de Precios'!$A$3:$H$2883,5,0),0) -> 0 | AM43: =+IF(I43>0,SUM(L43:AL43),0) -> 0 | AN43: =+IF($I43>0,VLOOKUP($I43,'Lista de Precios'!$A$3:$H$2883,4,0),"") | AO43: =+IF(AM43>0,AN43*AM43,"") | AP43: =IF($I43>0,VLOOKUP($I43,'Lista de Precios'!$A$3:$K$2883,10,0),"") | AQ43: =IF($I43>0,VLOOKUP($I43,'Lista de Precios'!$A$3:$M$4893,13,0),"") | AR43: =IF($I43>0,VLOOKUP(I43,'Lista de Precios'!$A$3:$M$2883,13,0),"") | XEP43: =+IF($AQ43=$XEP$13,$AM43,"") | XEQ43: =+IF($AQ43=$XEQ$13,$AM43,"") | XER43: =+IF($AQ43=$XER$13,$AM43,"") | XES43: =+IF($AQ43=$XES$13,$AM43,"")
A44: =IF($I44>0,VLOOKUP(I44,'Lista de Precios'!$A$3:$L$2883,9,0),0) -> 0 | B44: =IF($I44>0,VLOOKUP(I44,'Lista de Precios'!$A$3:$H$2883,7,0),0) -> 0 | C44: =IF($I44>0,VLOOKUP(I44,'Lista de Precios'!$A$3:$H$2883,2,0),"") | D44: =IF($I44>0,VLOOKUP(I44,'Lista de Precios'!$A$3:$H$2883,3,0),"") | E44: =IF($I44>0,VLOOKUP(I44,'Lista de Precios'!$A$3:$H$2883,6,0),"") | F44: =IF($I44>0,VLOOKUP(I44,'Lista de Precios'!$A$3:$H$2883,8,0),"") | G44: =IF(AN44="","",AN44*1.87) | H44: 0 | J44: =+E44 | K44: =+IF($I44>0,VLOOKUP($I44,'Lista de Precios'!$A$3:$H$2883,5,0),0) -> 0 | AM44: =+IF(I44>0,SUM(L44:AL44),0) -> 0 | AN44: =+IF($I44>0,VLOOKUP($I44,'Lista de Precios'!$A$3:$H$2883,4,0),"") | AO44: =+IF(AM44>0,AN44*AM44,"") | AP44: =IF($I44>0,VLOOKUP($I44,'Lista de Precios'!$A$3:$K$2883,10,0),"") | AQ44: =IF($I44>0,VLOOKUP($I44,'Lista de Precios'!$A$3:$M$4893,13,0),"") | AR44: =IF($I44>0,VLOOKUP(I44,'Lista de Precios'!$A$3:$M$2883,13,0),"") | XEP44: =+IF($AQ44=$XEP$13,$AM44,"") | XEQ44: =+IF($AQ44=$XEQ$13,$AM44,"") | XER44: =+IF($AQ44=$XER$13,$AM44,"") | XES44: =+IF($AQ44=$XES$13,$AM44,"")
A45: =IF($I45>0,VLOOKUP(I45,'Lista de Precios'!$A$3:$L$2883,9,0),0) -> 0 | B45: =IF($I45>0,VLOOKUP(I45,'Lista de Precios'!$A$3:$H$2883,7,0),0) -> 0 | C45: =IF($I45>0,VLOOKUP(I45,'Lista de Precios'!$A$3:$H$2883,2,0),"") | D45: =IF($I45>0,VLOOKUP(I45,'Lista de Precios'!$A$3:$H$2883,3,0),"") | E45: =IF($I45>0,VLOOKUP(I45,'Lista de Precios'!$A$3:$H$2883,6,0),"") | F45: =IF($I45>0,VLOOKUP(I45,'Lista de Precios'!$A$3:$H$2883,8,0),"") | G45: =IF(AN45="","",AN45*1.87) | H45: 0 | J45: =+E45 | K45: =+IF($I45>0,VLOOKUP($I45,'Lista de Precios'!$A$3:$H$2883,5,0),0) -> 0 | AM45: =+IF(I45>0,SUM(L45:AL45),0) -> 0 | AN45: =+IF($I45>0,VLOOKUP($I45,'Lista de Precios'!$A$3:$H$2883,4,0),"") | AO45: =+IF(AM45>0,AN45*AM45,"") | AP45: =IF($I45>0,VLOOKUP($I45,'Lista de Precios'!$A$3:$K$2883,10,0),"") | AQ45: =IF($I45>0,VLOOKUP($I45,'Lista de Precios'!$A$3:$M$4893,13,0),"") | AR45: =IF($I45>0,VLOOKUP(I45,'Lista de Precios'!$A$3:$M$2883,13,0),"") | XEP45: =+IF($AQ45=$XEP$13,$AM45,"") | XEQ45: =+IF($AQ45=$XEQ$13,$AM45,"") | XER45: =+IF($AQ45=$XER$13,$AM45,"") | XES45: =+IF($AQ45=$XES$13,$AM45,"")
A46: =IF($I46>0,VLOOKUP(I46,'Lista de Precios'!$A$3:$L$2883,9,0),0) -> 0 | B46: =IF($I46>0,VLOOKUP(I46,'Lista de Precios'!$A$3:$H$2883,7,0),0) -> 0 | C46: =IF($I46>0,VLOOKUP(I46,'Lista de Precios'!$A$3:$H$2883,2,0),"") | D46: =IF($I46>0,VLOOKUP(I46,'Lista de Precios'!$A$3:$H$2883,3,0),"") | E46: =IF($I46>0,VLOOKUP(I46,'Lista de Precios'!$A$3:$H$2883,6,0),"") | F46: =IF($I46>0,VLOOKUP(I46,'Lista de Precios'!$A$3:$H$2883,8,0),"") | G46: =IF(AN46="","",AN46*1.87) | H46: 0 | J46: =+E46 | K46: =+IF($I46>0,VLOOKUP($I46,'Lista de Precios'!$A$3:$H$2883,5,0),0) -> 0 | AM46: =+IF(I46>0,SUM(L46:AL46),0) -> 0 | AN46: =+IF($I46>0,VLOOKUP($I46,'Lista de Precios'!$A$3:$H$2883,4,0),"") | AO46: =+IF(AM46>0,AN46*AM46,"") | AP46: =IF($I46>0,VLOOKUP($I46,'Lista de Precios'!$A$3:$K$2883,10,0),"") | AQ46: =IF($I46>0,VLOOKUP($I46,'Lista de Precios'!$A$3:$M$4893,13,0),"") | AR46: =IF($I46>0,VLOOKUP(I46,'Lista de Precios'!$A$3:$M$2883,13,0),"") | XEP46: =+IF($AQ46=$XEP$13,$AM46,"") | XEQ46: =+IF($AQ46=$XEQ$13,$AM46,"") | XER46: =+IF($AQ46=$XER$13,$AM46,"") | XES46: =+IF($AQ46=$XES$13,$AM46,"")
A47: =IF($I47>0,VLOOKUP(I47,'Lista de Precios'!$A$3:$L$2883,9,0),0) -> 0 | B47: =IF($I47>0,VLOOKUP(I47,'Lista de Precios'!$A$3:$H$2883,7,0),0) -> 0 | C47: =IF($I47>0,VLOOKUP(I47,'Lista de Precios'!$A$3:$H$2883,2,0),"") | D47: =IF($I47>0,VLOOKUP(I47,'Lista de Precios'!$A$3:$H$2883,3,0),"") | E47: =IF($I47>0,VLOOKUP(I47,'Lista de Precios'!$A$3:$H$2883,6,0),"") | F47: =IF($I47>0,VLOOKUP(I47,'Lista de Precios'!$A$3:$H$2883,8,0),"") | G47: =IF(AN47="","",AN47*1.87) | H47: 0 | J47: =+E47 | K47: =+IF($I47>0,VLOOKUP($I47,'Lista de Precios'!$A$3:$H$2883,5,0),0) -> 0 | AM47: =+IF(I47>0,SUM(L47:AL47),0) -> 0 | AN47: =+IF($I47>0,VLOOKUP($I47,'Lista de Precios'!$A$3:$H$2883,4,0),"") | AO47: =+IF(AM47>0,AN47*AM47,"") | AP47: =IF($I47>0,VLOOKUP($I47,'Lista de Precios'!$A$3:$K$2883,10,0),"") | AQ47: =IF($I47>0,VLOOKUP($I47,'Lista de Precios'!$A$3:$M$4893,13,0),"") | AR47: =IF($I47>0,VLOOKUP(I47,'Lista de Precios'!$A$3:$M$2883,13,0),"") | XEP47: =+IF($AQ47=$XEP$13,$AM47,"") | XEQ47: =+IF($AQ47=$XEQ$13,$AM47,"") | XER47: =+IF($AQ47=$XER$13,$AM47,"") | XES47: =+IF($AQ47=$XES$13,$AM47,"")
A48: =IF($I48>0,VLOOKUP(I48,'Lista de Precios'!$A$3:$L$2883,9,0),0) -> 0 | B48: =IF($I48>0,VLOOKUP(I48,'Lista de Precios'!$A$3:$H$2883,7,0),0) -> 0 | C48: =IF($I48>0,VLOOKUP(I48,'Lista de Precios'!$A$3:$H$2883,2,0),"") | D48: =IF($I48>0,VLOOKUP(I48,'Lista de Precios'!$A$3:$H$2883,3,0),"") | E48: =IF($I48>0,VLOOKUP(I48,'Lista de Precios'!$A$3:$H$2883,6,0),"") | F48: =IF($I48>0,VLOOKUP(I48,'Lista de Precios'!$A$3:$H$2883,8,0),"") | G48: =IF(AN48="","",AN48*1.87) | H48: 0 | J48: =+E48 | K48: =+IF($I48>0,VLOOKUP($I48,'Lista de Precios'!$A$3:$H$2883,5,0),0) -> 0 | AM48: =+IF(I48>0,SUM(L48:AL48),0) -> 0 | AN48: =+IF($I48>0,VLOOKUP($I48,'Lista de Precios'!$A$3:$H$2883,4,0),"") | AO48: =+IF(AM48>0,AN48*AM48,"") | AP48: =IF($I48>0,VLOOKUP($I48,'Lista de Precios'!$A$3:$K$2883,10,0),"") | AQ48: =IF($I48>0,VLOOKUP($I48,'Lista de Precios'!$A$3:$M$4893,13,0),"") | AR48: =IF($I48>0,VLOOKUP(I48,'Lista de Precios'!$A$3:$M$2883,13,0),"") | XEP48: =+IF($AQ48=$XEP$13,$AM48,"") | XEQ48: =+IF($AQ48=$XEQ$13,$AM48,"") | XER48: =+IF($AQ48=$XER$13,$AM48,"") | XES48: =+IF($AQ48=$XES$13,$AM48,"")
... A94: =IF($I94>0,VLOOKUP(I94,'Lista de Precios'!$A$3:$L$2883,9,0),0) -> 0 | B94: =IF($I94>0,VLOOKUP(I94,'Lista de Precios'!$A$3:$H$2883,7,0),0) -> 0 | C94: =IF($I94>0,VLOOKUP(I94,'Lista de Precios'!$A$3:$H$2883,2,0),"") | D94: =IF($I94>0,VLOOKUP(I94,'Lista de Precios'!$A$3:$H$2883,3,0),"") | E94: =IF($I94>0,VLOOKUP(I94,'Lista de Precios'!$A$3:$H$2883,6,0),"") | F94: =IF($I94>0,VLOOKUP(I94,'Lista de Precios'!$A$3:$H$2883,8,0),"") | G94: =IF(AN94="","",AN94*1.87) | H94: 0 | J94: =+E94 | K94: =+IF($I94>0,VLOOKUP($I94,'Lista de Precios'!$A$3:$H$2883,5,0),0) -> 0 | AM94: =+IF(I94>0,SUM(L94:AL94),0) -> 0 | AN94: =+IF($I94>0,VLOOKUP($I94,'Lista de Precios'!$A$3:$H$2883,4,0),"") | AO94: =+IF(AM94>0,AN94*AM94,"") | AP94: =IF($I94>0,VLOOKUP($I94,'Lista de Precios'!$A$3:$K$2883,10,0),"") | AQ94: =IF($I94>0,VLOOKUP($I94,'Lista de Precios'!$A$3:$M$4893,13,0),"") | AR94: =IF($I94>0,VLOOKUP(I94,'Lista de Precios'!$A$3:$M$2883,13,0),"") | XEP94: =+IF($AQ94=$XEP$13,$AM94,"") | XEQ94: =+IF($AQ94=$XEQ$13,$AM94,"") | XER94: =+IF($AQ94=$XER$13,$AM94,"") | XES94: =+IF($AQ94=$XES$13,$AM94,"")
A95: =IF($I95>0,VLOOKUP(I95,'Lista de Precios'!$A$3:$L$2883,9,0),0) -> 0 | B95: =IF($I95>0,VLOOKUP(I95,'Lista de Precios'!$A$3:$H$2883,7,0),0) -> 0 | C95: =IF($I95>0,VLOOKUP(I95,'Lista de Precios'!$A$3:$H$2883,2,0),"") | D95: =IF($I95>0,VLOOKUP(I95,'Lista de Precios'!$A$3:$H$2883,3,0),"") | E95: =IF($I95>0,VLOOKUP(I95,'Lista de Precios'!$A$3:$H$2883,6,0),"") | F95: =IF($I95>0,VLOOKUP(I95,'Lista de Precios'!$A$3:$H$2883,8,0),"") | G95: =IF(AN95="","",AN95*1.87) | H95: 0 | J95: =+E95 | K95: =+IF($I95>0,VLOOKUP($I95,'Lista de Precios'!$A$3:$H$2883,5,0),0) -> 0 | AM95: =+IF(I95>0,SUM(L95:AL95),0) -> 0 | AN95: =+IF($I95>0,VLOOKUP($I95,'Lista de Precios'!$A$3:$H$2883,4,0),"") | AO95: =+IF(AM95>0,AN95*AM95,"") | AP95: =IF($I95>0,VLOOKUP($I95,'Lista de Precios'!$A$3:$K$2883,10,0),"") | AR95: =IF($I95>0,VLOOKUP(I95,'Lista de Precios'!$A$3:$M$2883,13,0),"")
A96: =IF($I96>0,VLOOKUP(I96,'Lista de Precios'!$A$3:$L$2883,9,0),0) -> 0 | B96: =IF($I96>0,VLOOKUP(I96,'Lista de Precios'!$A$3:$H$2883,7,0),0) -> 0 | C96: =IF($I96>0,VLOOKUP(I96,'Lista de Precios'!$A$3:$H$2883,2,0),"") | D96: =IF($I96>0,VLOOKUP(I96,'Lista de Precios'!$A$3:$H$2883,3,0),"") | E96: =IF($I96>0,VLOOKUP(I96,'Lista de Precios'!$A$3:$H$2883,6,0),"") | F96: =IF($I96>0,VLOOKUP(I96,'Lista de Precios'!$A$3:$H$2883,8,0),"") | G96: =IF(AN96="","",AN96*1.87) | H96: 0 | J96: =+E96 | K96: =+IF($I96>0,VLOOKUP($I96,'Lista de Precios'!$A$3:$H$2883,5,0),0) -> 0 | AM96: =+IF(I96>0,SUM(L96:AL96),0) -> 0 | AN96: =+IF($I96>0,VLOOKUP($I96,'Lista de Precios'!$A$3:$H$2883,4,0),"") | AO96: =+IF(AM96>0,AN96*AM96,"") | AP96: =IF($I96>0,VLOOKUP($I96,'Lista de Precios'!$A$3:$K$2883,10,0),"") | AR96: =IF($I96>0,VLOOKUP(I96,'Lista de Precios'!$A$3:$M$2883,13,0),"")
A97: =IF($I97>0,VLOOKUP(I97,'Lista de Precios'!$A$3:$L$2883,9,0),0) -> 0 | B97: =IF($I97>0,VLOOKUP(I97,'Lista de Precios'!$A$3:$H$2883,7,0),0) -> 0 | C97: =IF($I97>0,VLOOKUP(I97,'Lista de Precios'!$A$3:$H$2883,2,0),"") | D97: =IF($I97>0,VLOOKUP(I97,'Lista de Precios'!$A$3:$H$2883,3,0),"") | E97: =IF($I97>0,VLOOKUP(I97,'Lista de Precios'!$A$3:$H$2883,6,0),"") | F97: =IF($I97>0,VLOOKUP(I97,'Lista de Precios'!$A$3:$H$2883,8,0),"") | G97: =IF(AN97="","",AN97*1.87) | H97: 0 | J97: =+E97 | K97: =+IF($I97>0,VLOOKUP($I97,'Lista de Precios'!$A$3:$H$2883,5,0),0) -> 0 | AM97: =+IF(I97>0,SUM(L97:AL97),0) -> 0 | AN97: =+IF($I97>0,VLOOKUP($I97,'Lista de Precios'!$A$3:$H$2883,4,0),"") | AO97: =+IF(AM97>0,AN97*AM97,"") | AP97: =IF($I97>0,VLOOKUP($I97,'Lista de Precios'!$A$3:$K$2883,10,0),"") | AR97: =IF($I97>0,VLOOKUP(I97,'Lista de Precios'!$A$3:$M$2883,13,0),"")
A98: =IF($I98>0,VLOOKUP(I98,'Lista de Precios'!$A$3:$L$2883,9,0),0) -> 0 | B98: =IF($I98>0,VLOOKUP(I98,'Lista de Precios'!$A$3:$H$2883,7,0),0) -> 0 | C98: =IF($I98>0,VLOOKUP(I98,'Lista de Precios'!$A$3:$H$2883,2,0),"") | D98: =IF($I98>0,VLOOKUP(I98,'Lista de Precios'!$A$3:$H$2883,3,0),"") | E98: =IF($I98>0,VLOOKUP(I98,'Lista de Precios'!$A$3:$H$2883,6,0),"") | F98: =IF($I98>0,VLOOKUP(I98,'Lista de Precios'!$A$3:$H$2883,8,0),"") | G98: =IF(AN98="","",AN98*1.87) | H98: 0 | J98: =+E98 | K98: =+IF($I98>0,VLOOKUP($I98,'Lista de Precios'!$A$3:$H$2883,5,0),0) -> 0 | AM98: =+IF(I98>0,SUM(L98:AL98),0) -> 0 | AN98: =+IF($I98>0,VLOOKUP($I98,'Lista de Precios'!$A$3:$H$2883,4,0),"") | AO98: =+IF(AM98>0,AN98*AM98,"") | AP98: =IF($I98>0,VLOOKUP($I98,'Lista de Precios'!$A$3:$K$2883,10,0),"") | AR98: =IF($I98>0,VLOOKUP(I98,'Lista de Precios'!$A$3:$M$2883,13,0),"")
A99: =IF($I99>0,VLOOKUP(I99,'Lista de Precios'!$A$3:$L$2883,9,0),0) -> 0 | B99: =IF($I99>0,VLOOKUP(I99,'Lista de Precios'!$A$3:$H$2883,7,0),0) -> 0 | C99: =IF($I99>0,VLOOKUP(I99,'Lista de Precios'!$A$3:$H$2883,2,0),"") | D99: =IF($I99>0,VLOOKUP(I99,'Lista de Precios'!$A$3:$H$2883,3,0),"") | E99: =IF($I99>0,VLOOKUP(I99,'Lista de Precios'!$A$3:$H$2883,6,0),"") | F99: =IF($I99>0,VLOOKUP(I99,'Lista de Precios'!$A$3:$H$2883,8,0),"") | G99: =IF(AN99="","",AN99*1.87) | H99: 0 | J99: =+E99 | K99: =+IF($I99>0,VLOOKUP($I99,'Lista de Precios'!$A$3:$H$2883,5,0),0) -> 0 | AM99: =+IF(I99>0,SUM(L99:AL99),0) -> 0 | AN99: =+IF($I99>0,VLOOKUP($I99,'Lista de Precios'!$A$3:$H$2883,4,0),"") | AO99: =+IF(AM99>0,AN99*AM99,"") | AP99: =IF($I99>0,VLOOKUP($I99,'Lista de Precios'!$A$3:$K$2883,10,0),"") | AR99: =IF($I99>0,VLOOKUP(I99,'Lista de Precios'!$A$3:$M$2883,13,0),"")
A100: =IF($I100>0,VLOOKUP(I100,'Lista de Precios'!$A$3:$L$2883,9,0),0) -> 0 | B100: =IF($I100>0,VLOOKUP(I100,'Lista de Precios'!$A$3:$H$2883,7,0),0) -> 0 | C100: =IF($I100>0,VLOOKUP(I100,'Lista de Precios'!$A$3:$H$2883,2,0),"") | D100: =IF($I100>0,VLOOKUP(I100,'Lista de Precios'!$A$3:$H$2883,3,0),"") | E100: =IF($I100>0,VLOOKUP(I100,'Lista de Precios'!$A$3:$H$2883,6,0),"") | F100: =IF($I100>0,VLOOKUP(I100,'Lista de Precios'!$A$3:$H$2883,8,0),"") | G100: =IF(AN100="","",AN100*1.87) | H100: 0 | J100: =+E100 | K100: =+IF($I100>0,VLOOKUP($I100,'Lista de Precios'!$A$3:$H$2883,5,0),0) -> 0 | AM100: =+IF(I100>0,SUM(L100:AL100),0) -> 0 | AN100: =+IF($I100>0,VLOOKUP($I100,'Lista de Precios'!$A$3:$H$2883,4,0),"") | AO100: =+IF(AM100>0,AN100*AM100,"") | AP100: =IF($I100>0,VLOOKUP($I100,'Lista de Precios'!$A$3:$K$2883,10,0),"") | AR100: =IF($I100>0,VLOOKUP(I100,'Lista de Precios'!$A$3:$M$2883,13,0),"")
A101: =IF($I101>0,VLOOKUP(I101,'Lista de Precios'!$A$3:$L$2883,9,0),0) -> 0 | B101: =IF($I101>0,VLOOKUP(I101,'Lista de Precios'!$A$3:$H$2883,7,0),0) -> 0 | C101: =IF($I101>0,VLOOKUP(I101,'Lista de Precios'!$A$3:$H$2883,2,0),"") | D101: =IF($I101>0,VLOOKUP(I101,'Lista de Precios'!$A$3:$H$2883,3,0),"") | E101: =IF($I101>0,VLOOKUP(I101,'Lista de Precios'!$A$3:$H$2883,6,0),"") | F101: =IF($I101>0,VLOOKUP(I101,'Lista de Precios'!$A$3:$H$2883,8,0),"") | G101: =IF(AN101="","",AN101*1.87) | H101: 0 | J101: =+E101 | K101: =+IF($I101>0,VLOOKUP($I101,'Lista de Precios'!$A$3:$H$2883,5,0),0) -> 0 | AM101: =+IF(I101>0,SUM(L101:AL101),0) -> 0 | AN101: =+IF($I101>0,VLOOKUP($I101,'Lista de Precios'!$A$3:$H$2883,4,0),"") | AO101: =+IF(AM101>0,AN101*AM101,"") | AP101: =IF($I101>0,VLOOKUP($I101,'Lista de Precios'!$A$3:$K$2883,10,0),"") | AR101: =IF($I101>0,VLOOKUP(I101,'Lista de Precios'!$A$3:$M$2883,13,0),"")

Sheet ABR 26
C1: =+'ENE 26'!$C$1 -> NOTA DE PEDIDO - 1° SEMESTRE 2026 (Enero - Junio)
C3: Clase | D3: ZPR
C5: Razon Social | D5: =+IF(D7="","",(VLOOKUP(D7,AUX!$A$1:$B$5610,2,FALSE)))
C7: N° Cliente | I7: TOTALES
D9: =+AUX!J6 -> ABR 2026 | I9: Pares | J9: =+AM9 -> 416 | L9: $ | M9: =+AO9 -> 14869305 | AM9: =SUM(AM14:AM101) -> 416 | AO9: =SUM(AO14:AO101) -> 14869305
H11: NRO | J11: MES | K11: 1 | L11: 200 | M11: 210 | N11: 220 | O11: 230 | P11: 240 | Q11: 250 | R11: 260 | S11: 270 | T11: 280 | U11: 290 | V11: 300 | W11: 310 | X11: 320 | Y11: 330 | Z11: 340 | AA11: 350 | AB11: 360 | AC11: 370 | AD11: 380 | AE11: 390 | AF11: 400 | AG11: 410 | AH11: 420 | AI11: 430 | AJ11: 440 | AK11: 450 | AL11: 460 | AM11: CANT | AN11: Precio | AO11: $
H12: ARTICULO | J12: LANZAMIENTO | K12: 2 | AM12: TOTAL | AN12: Lista | AO12: TOTAL | XEP12: =+SUM(XEP14:XEP94) -> 74 | XEQ12: =+SUM(XEQ14:XEQ94) -> 0 | XER12: =+SUM(XER14:XER94) -> 0 | XES12: =+SUM(XES14:XES94) -> 130
A13: GENERO | C13: MODELO | D13: COLOR | E13: DISPONIBILIDAD | F13: TALLES | G13: PVP | AP13: CATEGORIA | AQ13: MIX CALZ | XEP13: CASUAL | XEQ13: RUN/TRA | XER13: MULTI | XES13: KIDS
A14: =IF($I14>0,VLOOKUP(I14,'Lista de Precios'!$A$3:$L$2883,9,0),0) -> Mujer | B14: =IF($I14>0,VLOOKUP(I14,'Lista de Precios'!$A$3:$H$2883,7,0),0) -> NC | C14: =IF($I14>0,VLOOKUP(I14,'Lista de Precios'!$A$3:$H$2883,2,0),"") -> DRIVE 2 | D14: =IF($I14>0,VLOOKUP($I14,'Lista de Precios'!$A$3:$H$2883,3,0),"") -> ROSA STOOL/VIOLETA HUCKLE | E14: =IF($I14>0,VLOOKUP(I14,'Lista de Precios'!$A$3:$H$2883,6,0),"") -> FEBRERO | F14: =IF($I14>0,VLOOKUP(I14,'Lista de Precios'!$A$3:$H$2883,8,0),"") -> 35 AL 40 | G14: =IF(AN14="","",AN14*1.87) -> 78900 | H14: 0 | I14: 27351 | J14: =+E14 -> FEBRERO | K14: =+IF($I14>0,VLOOKUP($I14,'Lista de Precios'!$A$3:$H$2883,5,0),0) -> 1 | AC14: 2 | AD14: 4 | AE14: 4 | AF14: 2 | AM14: =+IF(I14>0,SUM(L14:AL14),0) -> 12 | AN14: =+IF($I14>0,VLOOKUP($I14,'Lista de Precios'!$A$3:$H$2883,4,0),"") -> 42192.513 | AO14: =+IF(AM14>0,AN14*AM14,"") -> 506310.16 | AP14: =IF($I14>0,VLOOKUP($I14,'Lista de Precios'!$A$3:$K$2883,10,0),"") -> Training | AQ14: =IF($I14>0,VLOOKUP($I14,'Lista de Precios'!$A$3:$M$4893,13,0),"") -> Running+Training | AR14: =IF($I14>0,VLOOKUP(I14,'Lista de Precios'!$A$3:$M$2883,13,0),"") -> Running+Training | XEP14: =+IF($AQ14=$XEP$13,$AM14,"") | XEQ14: =+IF($AQ14=$XEQ$13,$AM14,"") | XER14: =+IF($AQ14=$XER$13,$AM14,"") | XES14: =+IF($AQ14=$XES$13,$AM14,"")
A15: =IF($I15>0,VLOOKUP(I15,'Lista de Precios'!$A$3:$L$2883,9,0),0) -> Mujer | B15: =IF($I15>0,VLOOKUP(I15,'Lista de Precios'!$A$3:$H$2883,7,0),0) -> NC | C15: =IF($I15>0,VLOOKUP(I15,'Lista de Precios'!$A$3:$H$2883,2,0),"") -> STANCE 3 | D15: =IF($I15>0,VLOOKUP(I15,'Lista de Precios'!$A$3:$H$2883,3,0),"") -> AZUL POND/CELESTE SKY/DIVA PINK | E15: =IF($I15>0,VLOOKUP(I15,'Lista de Precios'!$A$3:$H$2883,6,0),"") -> MARZO | F15: =IF($I15>0,VLOOKUP(I15,'Lista de Precios'!$A$3:$H$2883,8,0),"") -> 35 AL 40 | G15: =IF(AN15="","",AN15*1.87) -> 78900 | H15: 0 | I15: 52402 | J15: =+E15 -> MARZO | K15: =+IF($I15>0,VLOOKUP($I15,'Lista de Precios'!$A$3:$H$2883,5,0),0) -> 1 | AB15: 2 | AC15: 4 | AD15: 10 | AE15: 8 | AF15: 6 | AM15: =+IF(I15>0,SUM(L15:AL15),0) -> 30 | AN15: =+IF($I15>0,VLOOKUP($I15,'Lista de Precios'!$A$3:$H$2883,4,0),"") -> 42192.513 | AO15: =+IF(AM15>0,AN15*AM15,"") -> 1265775.4 | AP15: =IF($I15>0,VLOOKUP($I15,'Lista de Precios'!$A$3:$K$2883,10,0),"") -> Training | AQ15: =IF($I15>0,VLOOKUP($I15,'Lista de Precios'!$A$3:$M$4893,13,0),"") -> Running+Training | AR15: =IF($I15>0,VLOOKUP(I15,'Lista de Precios'!$A$3:$M$2883,13,0),"") -> Running+Training | XEP15: =+IF($AQ15=$XEP$13,$AM15,"") | XEQ15: =+IF($AQ15=$XEQ$13,$AM15,"") | XER15: =+IF($AQ15=$XER$13,$AM15,"") | XES15: =+IF($AQ15=$XES$13,$AM15,"")
A16: =IF($I16>0,VLOOKUP(I16,'Lista de Precios'!$A$3:$L$2883,9,0),0) -> Hombre | B16: =IF($I16>0,VLOOKUP(I16,'Lista de Precios'!$A$3:$H$2883,7,0),0) -> LANZ | C16: =IF($I16>0,VLOOKUP(I16,'Lista de Precios'!$A$3:$H$2883,2,0),"") -> STRONG PACE 4 | D16: =IF($I16>0,VLOOKUP(I16,'Lista de Precios'!$A$3:$H$2883,3,0),"") -> NEGRO/BLANCO | E16: =IF($I16>0,VLOOKUP(I16,'Lista de Precios'!$A$3:$H$2883,6,0),"") -> MARZO | F16: =IF($I16>0,VLOOKUP(I16,'Lista de Precios'!$A$3:$H$2883,8,0),"") -> 35 AL 46 | G16: =IF(AN16="","",AN16*1.87) -> 62900 | H16: 0 | I16: 27352 | J16: =+E16 -> MARZO | K16: =+IF($I16>0,VLOOKUP($I16,'Lista de Precios'!$A$3:$H$2883,5,0),0) -> 1 | AA16: 2 | AB16: 2 | AC16: 4 | AD16: 8 | AE16: 8 | AF16: 6 | AG16: 8 | AH16: 8 | AI16: 4 | AJ16: 2 | AK16: 2 | AL16: 2 | AM16: =+IF(I16>0,SUM(L16:AL16),0) -> 56 | AN16: =+IF($I16>0,VLOOKUP($I16,'Lista de Precios'!$A$3:$H$2883,4,0),"") -> 33636.364 | AO16: =+IF(AM16>0,AN16*AM16,"") -> 1883636.4 | AP16: =IF($I16>0,VLOOKUP($I16,'Lista de Precios'!$A$3:$K$2883,10,0),"") -> Training | AQ16: =IF($I16>0,VLOOKUP($I16,'Lista de Precios'!$A$3:$M$4893,13,0),"") -> Running+Training | AR16: =IF($I16>0,VLOOKUP(I16,'Lista de Precios'!$A$3:$M$2883,13,0),"") -> Running+Training | XEP16: =+IF($AQ16=$XEP$13,$AM16,"") | XEQ16: =+IF($AQ16=$XEQ$13,$AM16,"") | XER16: =+IF($AQ16=$XER$13,$AM16,"") | XES16: =+IF($AQ16=$XES$13,$AM16,"")
A17: =IF($I17>0,VLOOKUP(I17,'Lista de Precios'!$A$3:$L$2883,9,0),0) -> Mujer | B17: =IF($I17>0,VLOOKUP(I17,'Lista de Precios'!$A$3:$H$2883,7,0),0) -> LANZ | C17: =IF($I17>0,VLOOKUP(I17,'Lista de Precios'!$A$3:$H$2883,2,0),"") -> STRONG PACE 4 | D17: =IF($I17>0,VLOOKUP(I17,'Lista de Precios'!$A$3:$H$2883,3,0),"") -> GRIS PE/ROSA PEONY | E17: =IF($I17>0,VLOOKUP(I17,'Lista de Precios'!$A$3:$H$2883,6,0),"") -> MARZO | F17: =IF($I17>0,VLOOKUP(I17,'Lista de Precios'!$A$3:$H$2883,8,0),"") -> 35 AL 40 | G17: =IF(AN17="","",AN17*1.87) -> 62900 | H17: 0 | I17: 27354 | J17: =+E17 -> MARZO | K17: =+IF($I17>0,VLOOKUP($I17,'Lista de Precios'!$A$3:$H$2883,5,0),0) -> 1 | AB17: 2 | AC17: 4 | AD17: 8 | AE17: 8 | AF17: 6 | AM17: =+IF(I17>0,SUM(L17:AL17),0) -> 28 | AN17: =+IF($I17>0,VLOOKUP($I17,'Lista de Precios'!$A$3:$H$2883,4,0),"") -> 33636.364 | AO17: =+IF(AM17>0,AN17*AM17,"") -> 941818.18 | AP17: =IF($I17>0,VLOOKUP($I17,'Lista de Precios'!$A$3:$K$2883,10,0),"") -> Training | AQ17: =IF($I17>0,VLOOKUP($I17,'Lista de Precios'!$A$3:$M$4893,13,0),"") -> Running+Training | AR17: =IF($I17>0,VLOOKUP(I17,'Lista de Precios'!$A$3:$M$2883,13,0),"") -> Running+Training | XEP17: =+IF($AQ17=$XEP$13,$AM17,"") | XEQ17: =+IF($AQ17=$XEQ$13,$AM17,"") | XER17: =+IF($AQ17=$XER$13,$AM17,"") | XES17: =+IF($AQ17=$XES$13,$AM17,"")
A18: =IF($I18>0,VLOOKUP(I18,'Lista de Precios'!$A$3:$L$2883,9,0),0) -> 0 | B18: =IF($I18>0,VLOOKUP(I18,'Lista de Precios'!$A$3:$H$2883,7,0),0) -> 0 | C18: =IF($I18>0,VLOOKUP(I18,'Lista de Precios'!$A$3:$H$2883,2,0),"") | D18: =IF($I18>0,VLOOKUP(I18,'Lista de Precios'!$A$3:$H$2883,3,0),"") | E18: =IF($I18>0,VLOOKUP(I18,'Lista de Precios'!$A$3:$H$2883,6,0),"") | F18: =IF($I18>0,VLOOKUP(I18,'Lista de Precios'!$A$3:$H$2883,8,0),"") | G18: =IF(AN18="","",AN18*1.87) | H18: 0 | J18: =+E18 | K18: =+IF($I18>0,VLOOKUP($I18,'Lista de Precios'!$A$3:$H$2883,5,0),0) -> 0 | AM18: =+IF(I18>0,SUM(L18:AL18),0) -> 0 | AN18: =+IF($I18>0,VLOOKUP($I18,'Lista de Precios'!$A$3:$H$2883,4,0),"") | AO18: =+IF(AM18>0,AN18*AM18,"") | AP18: =IF($I18>0,VLOOKUP($I18,'Lista de Precios'!$A$3:$K$2883,10,0),"") | AQ18: =IF($I18>0,VLOOKUP($I18,'Lista de Precios'!$A$3:$M$4893,13,0),"") | AR18: =IF($I18>0,VLOOKUP(I18,'Lista de Precios'!$A$3:$M$2883,13,0),"") | XEP18: =+IF($AQ18=$XEP$13,$AM18,"") | XEQ18: =+IF($AQ18=$XEQ$13,$AM18,"") | XER18: =+IF($AQ18=$XER$13,$AM18,"") | XES18: =+IF($AQ18=$XES$13,$AM18,"")
A19: =IF($I19>0,VLOOKUP(I19,'Lista de Precios'!$A$3:$L$2883,9,0),0) -> Kids | B19: =IF($I19>0,VLOOKUP(I19,'Lista de Precios'!$A$3:$H$2883,7,0),0) -> CONT | C19: =IF($I19>0,VLOOKUP(I19,'Lista de Precios'!$A$3:$H$2883,2,0),"") -> SAN CIRO V FG KIDS | D19: =IF($I19>0,VLOOKUP(I19,'Lista de Precios'!$A$3:$H$2883,3,0),"") -> NEGRO | E19: =IF($I19>0,VLOOKUP(I19,'Lista de Precios'!$A$3:$H$2883,6,0),"") -> ENERO | F19: =IF($I19>0,VLOOKUP(I19,'Lista de Precios'!$A$3:$H$2883,8,0),"") -> 27 AL 34 | G19: =IF(AN19="","",AN19*1.87) -> 46900 | H19: 0 | I19: 55182 | J19: =+E19 -> ENERO | K19: =+IF($I19>0,VLOOKUP($I19,'Lista de Precios'!$A$3:$H$2883,5,0),0) -> 1 | U19: 2 | V19: 4 | W19: 4 | X19: 6 | Y19: 4 | Z19: 6 | AM19: =+IF(I19>0,SUM(L19:AL19),0) -> 26 | AN19: =+IF($I19>0,VLOOKUP($I19,'Lista de Precios'!$A$3:$H$2883,4,0),"") -> 25080.214 | AO19: =+IF(AM19>0,AN19*AM19,"") -> 652085.56 | AP19: =IF($I19>0,VLOOKUP($I19,'Lista de Precios'!$A$3:$K$2883,10,0),"") -> Futbol | AQ19: =IF($I19>0,VLOOKUP($I19,'Lista de Precios'!$A$3:$M$4893,13,0),"") -> Kids | AR19: =IF($I19>0,VLOOKUP(I19,'Lista de Precios'!$A$3:$M$2883,13,0),"") -> Kids | XEP19: =+IF($AQ19=$XEP$13,$AM19,"") | XEQ19: =+IF($AQ19=$XEQ$13,$AM19,"") | XER19: =+IF($AQ19=$XER$13,$AM19,"") | XES19: =+IF($AQ19=$XES$13,$AM19,"") -> 26
A20: =IF($I20>0,VLOOKUP(I20,'Lista de Precios'!$A$3:$L$2883,9,0),0) -> 0 | B20: =IF($I20>0,VLOOKUP(I20,'Lista de Precios'!$A$3:$H$2883,7,0),0) -> 0 | C20: =IF($I20>0,VLOOKUP(I20,'Lista de Precios'!$A$3:$H$2883,2,0),"") | D20: =IF($I20>0,VLOOKUP(I20,'Lista de Precios'!$A$3:$H$2883,3,0),"") | E20: =IF($I20>0,VLOOKUP(I20,'Lista de Precios'!$A$3:$H$2883,6,0),"") | F20: =IF($I20>0,VLOOKUP(I20,'Lista de Precios'!$A$3:$H$2883,8,0),"") | G20: =IF(AN20="","",AN20*1.87) | H20: 0 | J20: =+E20 | K20: =+IF($I20>0,VLOOKUP($I20,'Lista de Precios'!$A$3:$H$2883,5,0),0) -> 0 | AM20: =+IF(I20>0,SUM(L20:AL20),0) -> 0 | AN20: =+IF($I20>0,VLOOKUP($I20,'Lista de Precios'!$A$3:$H$2883,4,0),"") | AO20: =+IF(AM20>0,AN20*AM20,"") | AP20: =IF($I20>0,VLOOKUP($I20,'Lista de Precios'!$A$3:$K$2883,10,0),"") | AQ20: =IF($I20>0,VLOOKUP($I20,'Lista de Precios'!$A$3:$M$4893,13,0),"") | AR20: =IF($I20>0,VLOOKUP(I20,'Lista de Precios'!$A$3:$M$2883,13,0),"") | XEP20: =+IF($AQ20=$XEP$13,$AM20,"") | XEQ20: =+IF($AQ20=$XEQ$13,$AM20,"") | XER20: =+IF($AQ20=$XER$13,$AM20,"") | XES20: =+IF($AQ20=$XES$13,$AM20,"")
A21: =IF($I21>0,VLOOKUP(I21,'Lista de Precios'!$A$3:$L$2883,9,0),0) -> Hombre | B21: =IF($I21>0,VLOOKUP(I21,'Lista de Precios'!$A$3:$H$2883,7,0),0) -> CONT | C21: =IF($I21>0,VLOOKUP(I21,'Lista de Precios'!$A$3:$H$2883,2,0),"") -> GROVE | D21: =IF($I21>0,VLOOKUP(I21,'Lista de Precios'!$A$3:$H$2883,3,0),"") -> NEGRO/GRIS MAGNET | E21: =IF($I21>0,VLOOKUP(I21,'Lista de Precios'!$A$3:$H$2883,6,0),"") -> ENERO | F21: =IF($I21>0,VLOOKUP(I21,'Lista de Precios'!$A$3:$H$2883,8,0),"") -> 35 AL 45 | G21: =IF(AN21="","",AN21*1.87) -> 84900 | H21: 0 | I21: 26468 | J21: =+E21 -> ENERO | AE21: 2 | AF21: 2 | AK21: 4 | AM21: =+IF(I21>0,SUM(L21:AL21),0) -> 8 | AN21: =+IF($I21>0,VLOOKUP($I21,'Lista de Precios'!$A$3:$H$2883,4,0),"") -> 45401.07 | AO21: =+IF(AM21>0,AN21*AM21,"") -> 363208.56 | AP21: =IF($I21>0,VLOOKUP($I21,'Lista de Precios'!$A$3:$K$2883,10,0),"") -> Outdoor | AQ21: =IF($I21>0,VLOOKUP($I21,'Lista de Precios'!$A$3:$M$49893,13,0),"") -> Multideporte | XEO21: =+IF($AQ21=$XEO$13,$AM21,"") | XEP21: =+IF($AQ21=$XEP$13,$AM21,"") | XEQ21: =+IF($AQ21=$XEQ$13,$AM21,"") | XER21: =+IF($AQ21=$XER$13,$AM21,"")
A22: =IF($I22>0,VLOOKUP(I22,'Lista de Precios'!$A$3:$L$2883,9,0),0) -> Hombre | B22: =IF($I22>0,VLOOKUP(I22,'Lista de Precios'!$A$3:$H$2883,7,0),0) -> CONT | C22: =IF($I22>0,VLOOKUP(I22,'Lista de Precios'!$A$3:$H$2883,2,0),"") -> GONDOR II | D22: =IF($I22>0,VLOOKUP(I22,'Lista de Precios'!$A$3:$H$2883,3,0),"") -> NEGRO MONOCROMO | E22: =IF($I22>0,VLOOKUP(I22,'Lista de Precios'!$A$3:$H$2883,6,0),"") -> ENERO | F22: =IF($I22>0,VLOOKUP(I22,'Lista de Precios'!$A$3:$H$2883,8,0),"") -> 35 AL 46 | G22: =IF(AN22="","",AN22*1.87) -> 72900 | H22: 0 | I22: 27133 | J22: =+E22 -> ENERO | AE22: 2 | AI22: 2 | AK22: 4 | AM22: =+IF(I22>0,SUM(L22:AL22),0) -> 8 | AN22: =+IF($I22>0,VLOOKUP($I22,'Lista de Precios'!$A$3:$H$2883,4,0),"") -> 38983.957 | AO22: =+IF(AM22>0,AN22*AM22,"") -> 311871.66 | AP22: =IF($I22>0,VLOOKUP($I22,'Lista de Precios'!$A$3:$K$2883,10,0),"") -> Outdoor | AQ22: =IF($I22>0,VLOOKUP($I22,'Lista de Precios'!$A$3:$M$49893,13,0),"") -> Multideporte | XEO22: =+IF($AQ22=$XEO$13,$AM22,"") | XEP22: =+IF($AQ22=$XEP$13,$AM22,"") | XEQ22: =+IF($AQ22=$XEQ$13,$AM22,"") | XER22: =+IF($AQ22=$XER$13,$AM22,"")
A23: =IF($I23>0,VLOOKUP(I23,'Lista de Precios'!$A$3:$L$2883,9,0),0) -> Hombre | B23: =IF($I23>0,VLOOKUP(I23,'Lista de Precios'!$A$3:$H$2883,7,0),0) -> LANZ | C23: =IF($I23>0,VLOOKUP(I23,'Lista de Precios'!$A$3:$H$2883,2,0),"") -> TARSH | D23: =IF($I23>0,VLOOKUP(I23,'Lista de Precios'!$A$3:$H$2883,3,0),"") -> SMOKE GRAY/PAGEANT BLUE/DAFFODIL | E23: =IF($I23>0,VLOOKUP(I23,'Lista de Precios'!$A$3:$H$2883,6,0),"") -> FEBRERO | F23: =IF($I23>0,VLOOKUP(I23,'Lista de Precios'!$A$3:$H$2883,8,0),"") -> 35 AL 45 | G23: =IF(AN23="","",AN23*1.87) -> 62900 | H23: 0 | I23: 25768 | J23: =+E23 -> FEBRERO | AE23: 2 | AF23: 4 | AG23: 8 | AH23: 12 | AI23: 10 | AJ23: 6 | AK23: 4 | AL23: 2 | AM23: =+IF(I23>0,SUM(L23:AL23),0) -> 48 | AN23: =+IF($I23>0,VLOOKUP($I23,'Lista de Precios'!$A$3:$H$2883,4,0),"") -> 33636.364 | AO23: =+IF(AM23>0,AN23*AM23,"") -> 1614545.5 | AP23: =IF($I23>0,VLOOKUP($I23,'Lista de Precios'!$A$3:$K$2883,10,0),"") -> Outdoor | AQ23: =IF($I23>0,VLOOKUP($I23,'Lista de Precios'!$A$3:$M$49893,13,0),"") -> Multideporte | XEO23: =+IF($AQ23=$XEO$13,$AM23,"") | XEP23: =+IF($AQ23=$XEP$13,$AM23,"") | XEQ23: =+IF($AQ23=$XEQ$13,$AM23,"") | XER23: =+IF($AQ23=$XER$13,$AM23,"")
A24: =IF($I24>0,VLOOKUP(I24,'Lista de Precios'!$A$3:$L$2883,9,0),0) -> Hombre | B24: =IF($I24>0,VLOOKUP(I24,'Lista de Precios'!$A$3:$H$2883,7,0),0) -> LANZ | C24: =IF($I24>0,VLOOKUP(I24,'Lista de Precios'!$A$3:$H$2883,2,0),"") -> TARSH | D24: =IF($I24>0,VLOOKUP(I24,'Lista de Precios'!$A$3:$H$2883,3,0),"") -> GRIS CITY/NEGRO/BEIGE ANTIQUE | E24: =IF($I24>0,VLOOKUP(I24,'Lista de Precios'!$A$3:$H$2883,6,0),"") -> FEBRERO | F24: =IF($I24>0,VLOOKUP(I24,'Lista de Precios'!$A$3:$H$2883,8,0),"") -> 35 AL 45 | G24: =IF(AN24="","",AN24*1.87) -> 62900 | H24: 0 | I24: 25767 | J24: =+E24 -> FEBRERO | AF24: 2 | AG24: 4 | AH24: 6 | AI24: 6 | AJ24: 2 | AK24: 2 | AM24: =+IF(I24>0,SUM(L24:AL24),0) -> 22 | AN24: =+IF($I24>0,VLOOKUP($I24,'Lista de Precios'!$A$3:$H$2883,4,0),"") -> 33636.364 | AO24: =+IF(AM24>0,AN24*AM24,"") -> 740000 | AP24: =IF($I24>0,VLOOKUP($I24,'Lista de Precios'!$A$3:$K$2883,10,0),"") -> Outdoor | AQ24: =IF($I24>0,VLOOKUP($I24,'Lista de Precios'!$A$3:$M$49893,13,0),"") -> Multideporte | XEO24: =+IF($AQ24=$XEO$13,$AM24,"") | XEP24: =+IF($AQ24=$XEP$13,$AM24,"") | XEQ24: =+IF($AQ24=$XEQ$13,$AM24,"") | XER24: =+IF($AQ24=$XER$13,$AM24,"")
A25: =IF($I25>0,VLOOKUP(I25,'Lista de Precios'!$A$3:$L$2883,9,0),0) -> Kids | B25: =IF($I25>0,VLOOKUP(I25,'Lista de Precios'!$A$3:$H$2883,7,0),0) -> CONT | C25: =IF($I25>0,VLOOKUP(I25,'Lista de Precios'!$A$3:$H$2883,2,0),"") -> GONDOR III KIDS | D25: =IF($I25>0,VLOOKUP(I25,'Lista de Precios'!$A$3:$H$2883,3,0),"") -> NEGRO / BLANCO | E25: =IF($I25>0,VLOOKUP(I25,'Lista de Precios'!$A$3:$H$2883,6,0),"") -> ENERO | F25: =IF($I25>0,VLOOKUP(I25,'Lista de Precios'!$A$3:$H$2883,8,0),"") -> 25 AL 34 | G25: =IF(AN25="","",AN25*1.87) -> 62900 | H25: 0 | I25: 25600 | J25: =+E25 -> ENERO | K25: =+IF($I25>0,VLOOKUP($I25,'Lista de Precios'!$A$3:$H$2883,5,0),0) -> 1 | Q25: 2 | R25: 4 | T25: 2 | X25: 2 | AM25: =+IF(I25>0,SUM(L25:AL25),0) -> 10 | AN25: =+IF($I25>0,VLOOKUP($I25,'Lista de Precios'!$A$3:$H$2883,4,0),"") -> 33636.364 | AO25: =+IF(AM25>0,AN25*AM25,"") -> 336363.64 | AP25: =IF($I25>0,VLOOKUP($I25,'Lista de Precios'!$A$3:$K$2883,10,0),"") -> Outdoor | AQ25: =IF($I25>0,VLOOKUP($I25,'Lista de Precios'!$A$3:$M$4893,13,0),"") -> Kids | AR25: =IF($I25>0,VLOOKUP(I25,'Lista de Precios'!$A$3:$M$2883,13,0),"") -> Kids | XEP25: =+IF($AQ25=$XEP$13,$AM25,"") | XEQ25: =+IF($AQ25=$XEQ$13,$AM25,"") | XER25: =+IF($AQ25=$XER$13,$AM25,"") | XES25: =+IF($AQ25=$XES$13,$AM25,"") -> 10
A26: =IF($I26>0,VLOOKUP(I26,'Lista de Precios'!$A$3:$L$2883,9,0),0) -> Kids | B26: =IF($I26>0,VLOOKUP(I26,'Lista de Precios'!$A$3:$H$2883,7,0),0) -> LANZ | C26: =IF($I26>0,VLOOKUP(I26,'Lista de Precios'!$A$3:$H$2883,2,0),"") -> HALLPA TREK KIDS | D26: =IF($I26>0,VLOOKUP(I26,'Lista de Precios'!$A$3:$H$2883,3,0),"") -> GRIS CITY / NEGRO / GRIS ANTAR | E26: =IF($I26>0,VLOOKUP(I26,'Lista de Precios'!$A$3:$H$2883,6,0),"") -> MARZO | F26: =IF($I26>0,VLOOKUP(I26,'Lista de Precios'!$A$3:$H$2883,8,0),"") -> 25 AL 34 | G26: =IF(AN26="","",AN26*1.87) -> 57900 | H26: 0 | I26: 52519 | J26: =+E26 -> MARZO | K26: =+IF($I26>0,VLOOKUP($I26,'Lista de Precios'!$A$3:$H$2883,5,0),0) -> 1 | Q26: 2 | R26: 2 | S26: 2 | T26: 4 | U26: 4 | V26: 6 | W26: 4 | X26: 4 | Y26: 2 | Z26: 4 | AM26: =+IF(I26>0,SUM(L26:AL26),0) -> 34 | AN26: =+IF($I26>0,VLOOKUP($I26,'Lista de Precios'!$A$3:$H$2883,4,0),"") -> 30962.567 | AO26: =+IF(AM26>0,AN26*AM26,"") -> 1052727.3 | AP26: =IF($I26>0,VLOOKUP($I26,'Lista de Precios'!$A$3:$K$2883,10,0),"") -> Outdoor | AQ26: =IF($I26>0,VLOOKUP($I26,'Lista de Precios'!$A$3:$M$4893,13,0),"") -> Kids | AR26: =IF($I26>0,VLOOKUP(I26,'Lista de Precios'!$A$3:$M$2883,13,0),"") -> Kids | XEP26: =+IF($AQ26=$XEP$13,$AM26,"") | XEQ26: =+IF($AQ26=$XEQ$13,$AM26,"") | XER26: =+IF($AQ26=$XER$13,$AM26,"") | XES26: =+IF($AQ26=$XES$13,$AM26,"") -> 34
A28: =IF($I28>0,VLOOKUP(I28,'Lista de Precios'!$A$3:$L$2883,9,0),0) -> Unisex | B28: =IF($I28>0,VLOOKUP(I28,'Lista de Precios'!$A$3:$H$2883,7,0),0) -> CONT | C28: =IF($I28>0,VLOOKUP(I28,'Lista de Precios'!$A$3:$H$2883,2,0),"") -> CAPITÁN TT | D28: =IF($I28>0,VLOOKUP(I28,'Lista de Precios'!$A$3:$H$2883,3,0),"") -> NEGRO | E28: =IF($I28>0,VLOOKUP(I28,'Lista de Precios'!$A$3:$H$2883,6,0),"") -> #N/A | F28: =IF($I28>0,VLOOKUP(I28,'Lista de Precios'!$A$3:$H$2883,8,0),"") -> 35 AL 44 | G28: =IF(AN28="","",AN28*1.87) -> 69900 | H28: 0 | I28: 24357 | J28: =+E28 -> #N/A | AB28: 2 | AD28: 2 | AG28: 2 | AH28: 4 | AJ28: 2 | AM28: =+IF(I28>0,SUM(L28:AL28),0) -> 12 | AN28: =+IF($I28>0,VLOOKUP($I28,'Lista de Precios'!$A$3:$H$2883,4,0),"") -> 37379.679 | AO28: =+IF(AM28>0,AN28*AM28,"") -> 448556.15 | AP28: =IF($I28>0,VLOOKUP($I28,'Lista de Precios'!$A$3:$K$2883,10,0),"") -> Casual | AQ28: =IF($I28>0,VLOOKUP($I28,'Lista de Precios'!$A$3:$M$49893,13,0),"") -> Casual | XEO28: =+IF($AQ28=$XEO$13,$AM28,"") | XEP28: =+IF($AQ28=$XEP$13,$AM28,"") -> 12 | XEQ28: =+IF($AQ28=$XEQ$13,$AM28,"") | XER28: =+IF($AQ28=$XER$13,$AM28,"")
A29: =IF($I29>0,VLOOKUP(I29,'Lista de Precios'!$A$3:$L$2883,9,0),0) -> Unisex | B29: =IF($I29>0,VLOOKUP(I29,'Lista de Precios'!$A$3:$H$2883,7,0),0) -> CONT | C29: =IF($I29>0,VLOOKUP(I29,'Lista de Precios'!$A$3:$H$2883,2,0),"") -> CAPITÁN TT | D29: =IF($I29>0,VLOOKUP(I29,'Lista de Precios'!$A$3:$H$2883,3,0),"") -> BLANCO | E29: =IF($I29>0,VLOOKUP(I29,'Lista de Precios'!$A$3:$H$2883,6,0),"") -> ENERO | F29: =IF($I29>0,VLOOKUP(I29,'Lista de Precios'!$A$3:$H$2883,8,0),"") -> 35 AL 44 | G29: =IF(AN29="","",AN29*1.87) -> 69900 | H29: 0 | I29: 24356 | J29: =+E29 -> ENERO | AE29: 2 | AH29: 2 | AM29: =+IF(I29>0,SUM(L29:AL29),0) -> 4 | AN29: =+IF($I29>0,VLOOKUP($I29,'Lista de Precios'!$A$3:$H$2883,4,0),"") -> 37379.679 | AO29: =+IF(AM29>0,AN29*AM29,"") -> 149518.72 | AP29: =IF($I29>0,VLOOKUP($I29,'Lista de Precios'!$A$3:$K$2883,10,0),"") -> Casual | AQ29: =IF($I29>0,VLOOKUP($I29,'Lista de Precios'!$A$3:$M$49893,13,0),"") -> Casual | XEO29: =+IF($AQ29=$XEO$13,$AM29,"") | XEP29: =+IF($AQ29=$XEP$13,$AM29,"") -> 4 | XEQ29: =+IF($AQ29=$XEQ$13,$AM29,"") | XER29: =+IF($AQ29=$XER$13,$AM29,"")
A30: =IF($I30>0,VLOOKUP(I30,'Lista de Precios'!$A$3:$L$2883,9,0),0) -> 0 | B30: =IF($I30>0,VLOOKUP(I30,'Lista de Precios'!$A$3:$H$2883,7,0),0) -> 0 | C30: =IF($I30>0,VLOOKUP(I30,'Lista de Precios'!$A$3:$H$2883,2,0),"") | D30: =IF($I30>0,VLOOKUP(I30,'Lista de Precios'!$A$3:$H$2883,3,0),"") | E30: =IF($I30>0,VLOOKUP(I30,'Lista de Precios'!$A$3:$H$2883,6,0),"") | F30: =IF($I30>0,VLOOKUP(I30,'Lista de Precios'!$A$3:$H$2883,8,0),"") | G30: =IF(AN30="","",AN30*1.87) | H30: 0 | J30: =+E30 | K30: =+IF($I30>0,VLOOKUP($I30,'Lista de Precios'!$A$3:$H$2883,5,0),0) -> 0 | AM30: =+IF(I30>0,SUM(L30:AL30),0) -> 0 | AN30: =+IF($I30>0,VLOOKUP($I30,'Lista de Precios'!$A$3:$H$2883,4,0),"") | AO30: =+IF(AM30>0,AN30*AM30,"") | AP30: =IF($I30>0,VLOOKUP($I30,'Lista de Precios'!$A$3:$K$2883,10,0),"") | AQ30: =IF($I30>0,VLOOKUP($I30,'Lista de Precios'!$A$3:$M$4893,13,0),"") | AR30: =IF($I30>0,VLOOKUP(I30,'Lista de Precios'!$A$3:$M$2883,13,0),"") | XEP30: =+IF($AQ30=$XEP$13,$AM30,"") | XEQ30: =+IF($AQ30=$XEQ$13,$AM30,"") | XER30: =+IF($AQ30=$XER$13,$AM30,"") | XES30: =+IF($AQ30=$XES$13,$AM30,"")
A31: =IF($I31>0,VLOOKUP(I31,'Lista de Precios'!$A$3:$L$2883,9,0),0) -> Unisex | B31: =IF($I31>0,VLOOKUP(I31,'Lista de Precios'!$A$3:$H$2883,7,0),0) -> LANZ | C31: =IF($I31>0,VLOOKUP(I31,'Lista de Precios'!$A$3:$H$2883,2,0),"") -> SENY | D31: =IF($I31>0,VLOOKUP(I31,'Lista de Precios'!$A$3:$H$2883,3,0),"") -> GRIS CITY/GRIS LUNAR/GRIS PE | E31: =IF($I31>0,VLOOKUP(I31,'Lista de Precios'!$A$3:$H$2883,6,0),"") -> FEBRERO | F31: =IF($I31>0,VLOOKUP(I31,'Lista de Precios'!$A$3:$H$2883,8,0),"") -> 35 al 46 | G31: =IF(AN31="","",AN31*1.87) -> 92900 | H31: 0 | I31: 27359 | J31: =+E31 -> FEBRERO | K31: =+IF($I31>0,VLOOKUP($I31,'Lista de Precios'!$A$3:$H$2883,5,0),0) -> 1 | AF31: 2 | AG31: 4 | AH31: 4 | AI31: 2 | AJ31: 2 | AM31: =+IF(I31>0,SUM(L31:AL31),0) -> 14 | AN31: =+IF($I31>0,VLOOKUP($I31,'Lista de Precios'!$A$3:$H$2883,4,0),"") -> 49679.144 | AO31: =+IF(AM31>0,AN31*AM31,"") -> 695508.02 | AP31: =IF($I31>0,VLOOKUP($I31,'Lista de Precios'!$A$3:$K$2883,10,0),"") -> Casual | AQ31: =IF($I31>0,VLOOKUP($I31,'Lista de Precios'!$A$3:$M$4893,13,0),"") -> Casual | AR31: =IF($I31>0,VLOOKUP(I31,'Lista de Precios'!$A$3:$M$2883,13,0),"") -> Casual | XEP31: =+IF($AQ31=$XEP$13,$AM31,"") -> 14 | XEQ31: =+IF($AQ31=$XEQ$13,$AM31,"") | XER31: =+IF($AQ31=$XER$13,$AM31,"") | XES31: =+IF($AQ31=$XES$13,$AM31,"")
A32: =IF($I32>0,VLOOKUP(I32,'Lista de Precios'!$A$3:$L$2883,9,0),0) -> Mujer | B32: =IF($I32>0,VLOOKUP(I32,'Lista de Precios'!$A$3:$H$2883,7,0),0) -> LANZ | C32: =IF($I32>0,VLOOKUP(I32,'Lista de Precios'!$A$3:$H$2883,2,0),"") -> SENY | D32: =IF($I32>0,VLOOKUP(I32,'Lista de Precios'!$A$3:$H$2883,3,0),"") -> ROSA BROWN/NATURAL CAP | E32: =IF($I32>0,VLOOKUP(I32,'Lista de Precios'!$A$3:$H$2883,6,0),"") -> FEBRERO | F32: =IF($I32>0,VLOOKUP(I32,'Lista de Precios'!$A$3:$H$2883,8,0),"") -> 35 al 40 | G32: =IF(AN32="","",AN32*1.87) -> 92900 | H32: 0 | I32: 27362 | J32: =+E32 -> FEBRERO | K32: =+IF($I32>0,VLOOKUP($I32,'Lista de Precios'!$A$3:$H$2883,5,0),0) -> 1 | AB32: 2 | AC32: 4 | AD32: 6 | AE32: 6 | AF32: 4 | AM32: =+IF(I32>0,SUM(L32:AL32),0) -> 22 | AN32: =+IF($I32>0,VLOOKUP($I32,'Lista de Precios'!$A$3:$H$2883,4,0),"") -> 49679.144 | AO32: =+IF(AM32>0,AN32*AM32,"") -> 1092941.2 | AP32: =IF($I32>0,VLOOKUP($I32,'Lista de Precios'!$A$3:$K$2883,10,0),"") -> Casual | AQ32: =IF($I32>0,VLOOKUP($I32,'Lista de Precios'!$A$3:$M$4893,13,0),"") -> Casual | AR32: =IF($I32>0,VLOOKUP(I32,'Lista de Precios'!$A$3:$M$2883,13,0),"") -> Casual | XEP32: =+IF($AQ32=$XEP$13,$AM32,"") -> 22 | XEQ32: =+IF($AQ32=$XEQ$13,$AM32,"") | XER32: =+IF($AQ32=$XER$13,$AM32,"") | XES32: =+IF($AQ32=$XES$13,$AM32,"")
A33: =IF($I33>0,VLOOKUP(I33,'Lista de Precios'!$A$3:$L$2883,9,0),0) -> Unisex | B33: =IF($I33>0,VLOOKUP(I33,'Lista de Precios'!$A$3:$H$2883,7,0),0) -> CONT | C33: =IF($I33>0,VLOOKUP(I33,'Lista de Precios'!$A$3:$H$2883,2,0),"") -> TERRANO II | D33: =IF($I33>0,VLOOKUP(I33,'Lista de Precios'!$A$3:$H$2883,3,0),"") -> GRIS CITY/BEIGE BUFF | E33: =IF($I33>0,VLOOKUP(I33,'Lista de Precios'!$A$3:$H$2883,6,0),"") -> ENERO | F33: =IF($I33>0,VLOOKUP(I33,'Lista de Precios'!$A$3:$H$2883,8,0),"") -> 35 AL 46 | G33: =IF(AN33="","",AN33*1.87) -> 89500 | H33: 0 | I33: 26436 | J33: =+E33 -> ENERO | K33: =+IF($I33>0,VLOOKUP($I33,'Lista de Precios'!$A$3:$H$2883,5,0),0) -> 1 | AB33: 2 | AC33: 4 | AD33: 6 | AE33: 6 | AF33: 4 | AM33: =+IF(I33>0,SUM(L33:AL33),0) -> 22 | AN33: =+IF($I33>0,VLOOKUP($I33,'Lista de Precios'!$A$3:$H$2883,4,0),"") -> 47860.963 | AO33: =+IF(AM33>0,AN33*AM33,"") -> 1052941.2 | AP33: =IF($I33>0,VLOOKUP($I33,'Lista de Precios'!$A$3:$K$2883,10,0),"") -> Casual | AQ33: =IF($I33>0,VLOOKUP($I33,'Lista de Precios'!$A$3:$M$4893,13,0),"") -> Casual | AR33: =IF($I33>0,VLOOKUP(I33,'Lista de Precios'!$A$3:$M$2883,13,0),"") -> Casual | XEP33: =+IF($AQ33=$XEP$13,$AM33,"") -> 22 | XEQ33: =+IF($AQ33=$XEQ$13,$AM33,"") | XER33: =+IF($AQ33=$XER$13,$AM33,"") | XES33: =+IF($AQ33=$XES$13,$AM33,"")
A34: =IF($I34>0,VLOOKUP(I34,'Lista de Precios'!$A$3:$L$2883,9,0),0) -> Kids | B34: =IF($I34>0,VLOOKUP(I34,'Lista de Precios'!$A$3:$H$2883,7,0),0) -> LANZ | C34: =IF($I34>0,VLOOKUP(I34,'Lista de Precios'!$A$3:$H$2883,2,0),"") -> T450 MESH KIDS | D34: =IF($I34>0,VLOOKUP(I34,'Lista de Precios'!$A$3:$H$2883,3,0),"") -> AZUL TITAN / CRUDO TOFU | E34: =IF($I34>0,VLOOKUP(I34,'Lista de Precios'!$A$3:$H$2883,6,0),"") -> FEBRERO | F34: =IF($I34>0,VLOOKUP(I34,'Lista de Precios'!$A$3:$H$2883,8,0),"") -> 25 AL 34 | G34: =IF(AN34="","",AN34*1.87) -> 54900 | H34: 0 | I34: 50618 | J34: =+E34 -> FEBRERO | K34: =+IF($I34>0,VLOOKUP($I34,'Lista de Precios'!$A$3:$H$2883,5,0),0) -> 1 | S34: 2 | T34: 6 | U34: 6 | V34: 4 | W34: 4 | X34: 6 | Y34: 6 | Z34: 2 | AM34: =+IF(I34>0,SUM(L34:AL34),0) -> 36 | AN34: =+IF($I34>0,VLOOKUP($I34,'Lista de Precios'!$A$3:$H$2883,4,0),"") -> 29358.289 | AO34: =+IF(AM34>0,AN34*AM34,"") -> 1056898.4 | AP34: =IF($I34>0,VLOOKUP($I34,'Lista de Precios'!$A$3:$K$2883,10,0),"") -> Casual | AQ34: =IF($I34>0,VLOOKUP($I34,'Lista de Precios'!$A$3:$M$4893,13,0),"") -> Kids | AR34: =IF($I34>0,VLOOKUP(I34,'Lista de Precios'!$A$3:$M$2883,13,0),"") -> Kids | XEP34: =+IF($AQ34=$XEP$13,$AM34,"") | XEQ34: =+IF($AQ34=$XEQ$13,$AM34,"") | XER34: =+IF($AQ34=$XER$13,$AM34,"") | XES34: =+IF($AQ34=$XES$13,$AM34,"") -> 36
A35: =IF($I35>0,VLOOKUP(I35,'Lista de Precios'!$A$3:$L$2883,9,0),0) -> Kids | B35: =IF($I35>0,VLOOKUP(I35,'Lista de Precios'!$A$3:$H$2883,7,0),0) -> LANZ | C35: =IF($I35>0,VLOOKUP(I35,'Lista de Precios'!$A$3:$H$2883,2,0),"") -> T450 MESH KIDS | D35: =IF($I35>0,VLOOKUP(I35,'Lista de Precios'!$A$3:$H$2883,3,0),"") -> ROSA SHADOW / GRIS CITY | E35: =IF($I35>0,VLOOKUP(I35,'Lista de Precios'!$A$3:$H$2883,6,0),"") -> FEBRERO | F35: =IF($I35>0,VLOOKUP(I35,'Lista de Precios'!$A$3:$H$2883,8,0),"") -> 25 AL 34 | G35: =IF(AN35="","",AN35*1.87) -> 54900 | H35: 0 | I35: 50619 | J35: =+E35 -> FEBRERO | K35: =+IF($I35>0,VLOOKUP($I35,'Lista de Precios'!$A$3:$H$2883,5,0),0) -> 1 | S35: 2 | T35: 4 | U35: 4 | V35: 2 | W35: 2 | X35: 4 | Y35: 4 | Z35: 2 | AM35: =+IF(I35>0,SUM(L35:AL35),0) -> 24 | AN35: =+IF($I35>0,VLOOKUP($I35,'Lista de Precios'!$A$3:$H$2883,4,0),"") -> 29358.289 | AO35: =+IF(AM35>0,AN35*AM35,"") -> 704598.93 | AP35: =IF($I35>0,VLOOKUP($I35,'Lista de Precios'!$A$3:$K$2883,10,0),"") -> Casual | AQ35: =IF($I35>0,VLOOKUP($I35,'Lista de Precios'!$A$3:$M$4893,13,0),"") -> Kids | AR35: =IF($I35>0,VLOOKUP(I35,'Lista de Precios'!$A$3:$M$2883,13,0),"") -> Kids | XEP35: =+IF($AQ35=$XEP$13,$AM35,"") | XEQ35: =+IF($AQ35=$XEQ$13,$AM35,"") | XER35: =+IF($AQ35=$XER$13,$AM35,"") | XES35: =+IF($AQ35=$XES$13,$AM35,"") -> 24
A36: =IF($I36>0,VLOOKUP(I36,'Lista de Precios'!$A$3:$L$2883,9,0),0) -> 0 | B36: =IF($I36>0,VLOOKUP(I36,'Lista de Precios'!$A$3:$H$2883,7,0),0) -> 0 | C36: =IF($I36>0,VLOOKUP(I36,'Lista de Precios'!$A$3:$H$2883,2,0),"") | D36: =IF($I36>0,VLOOKUP(I36,'Lista de Precios'!$A$3:$H$2883,3,0),"") | E36: =IF($I36>0,VLOOKUP(I36,'Lista de Precios'!$A$3:$H$2883,6,0),"") | F36: =IF($I36>0,VLOOKUP(I36,'Lista de Precios'!$A$3:$H$2883,8,0),"") | G36: =IF(AN36="","",AN36*1.87) | H36: 0 | J36: =+E36 | K36: =+IF($I36>0,VLOOKUP($I36,'Lista de Precios'!$A$3:$H$2883,5,0),0) -> 0 | AM36: =+IF(I36>0,SUM(L36:AL36),0) -> 0 | AN36: =+IF($I36>0,VLOOKUP($I36,'Lista de Precios'!$A$3:$H$2883,4,0),"") | AO36: =+IF(AM36>0,AN36*AM36,"") | AP36: =IF($I36>0,VLOOKUP($I36,'Lista de Precios'!$A$3:$K$2883,10,0),"") | AQ36: =IF($I36>0,VLOOKUP($I36,'Lista de Precios'!$A$3:$M$4893,13,0),"") | AR36: =IF($I36>0,VLOOKUP(I36,'Lista de Precios'!$A$3:$M$2883,13,0),"") | XEP36: =+IF($AQ36=$XEP$13,$AM36,"") | XEQ36: =+IF($AQ36=$XEQ$13,$AM36,"") | XER36: =+IF($AQ36=$XER$13,$AM36,"") | XES36: =+IF($AQ36=$XES$13,$AM36,"")
A37: =IF($I37>0,VLOOKUP(I37,'Lista de Precios'!$A$3:$L$2883,9,0),0) -> 0 | B37: =IF($I37>0,VLOOKUP(I37,'Lista de Precios'!$A$3:$H$2883,7,0),0) -> 0 | C37: =IF($I37>0,VLOOKUP(I37,'Lista de Precios'!$A$3:$H$2883,2,0),"") | D37: =IF($I37>0,VLOOKUP(I37,'Lista de Precios'!$A$3:$H$2883,3,0),"") | E37: =IF($I37>0,VLOOKUP(I37,'Lista de Precios'!$A$3:$H$2883,6,0),"") | F37: =IF($I37>0,VLOOKUP(I37,'Lista de Precios'!$A$3:$H$2883,8,0),"") | G37: =IF(AN37="","",AN37*1.87) | H37: 0 | J37: =+E37 | K37: =+IF($I37>0,VLOOKUP($I37,'Lista de Precios'!$A$3:$H$2883,5,0),0) -> 0 | AM37: =+IF(I37>0,SUM(L37:AL37),0) -> 0 | AN37: =+IF($I37>0,VLOOKUP($I37,'Lista de Precios'!$A$3:$H$2883,4,0),"") | AO37: =+IF(AM37>0,AN37*AM37,"") | AP37: =IF($I37>0,VLOOKUP($I37,'Lista de Precios'!$A$3:$K$2883,10,0),"") | AQ37: =IF($I37>0,VLOOKUP($I37,'Lista de Precios'!$A$3:$M$4893,13,0),"") | AR37: =IF($I37>0,VLOOKUP(I37,'Lista de Precios'!$A$3:$M$2883,13,0),"") | XEP37: =+IF($AQ37=$XEP$13,$AM37,"") | XEQ37: =+IF($AQ37=$XEQ$13,$AM37,"") | XER37: =+IF($AQ37=$XER$13,$AM37,"") | XES37: =+IF($AQ37=$XES$13,$AM37,"")
A38: =IF($I38>0,VLOOKUP(I38,'Lista de Precios'!$A$3:$L$2883,9,0),0) -> 0 | B38: =IF($I38>0,VLOOKUP(I38,'Lista de Precios'!$A$3:$H$2883,7,0),0) -> 0 | C38: =IF($I38>0,VLOOKUP(I38,'Lista de Precios'!$A$3:$H$2883,2,0),"") | D38: =IF($I38>0,VLOOKUP(I38,'Lista de Precios'!$A$3:$H$2883,3,0),"") | E38: =IF($I38>0,VLOOKUP(I38,'Lista de Precios'!$A$3:$H$2883,6,0),"") | F38: =IF($I38>0,VLOOKUP(I38,'Lista de Precios'!$A$3:$H$2883,8,0),"") | G38: =IF(AN38="","",AN38*1.87) | H38: 0 | J38: =+E38 | K38: =+IF($I38>0,VLOOKUP($I38,'Lista de Precios'!$A$3:$H$2883,5,0),0) -> 0 | AM38: =+IF(I38>0,SUM(L38:AL38),0) -> 0 | AN38: =+IF($I38>0,VLOOKUP($I38,'Lista de Precios'!$A$3:$H$2883,4,0),"") | AO38: =+IF(AM38>0,AN38*AM38,"") | AP38: =IF($I38>0,VLOOKUP($I38,'Lista de Precios'!$A$3:$K$2883,10,0),"") | AQ38: =IF($I38>0,VLOOKUP($I38,'Lista de Precios'!$A$3:$M$4893,13,0),"") | AR38: =IF($I38>0,VLOOKUP(I38,'Lista de Precios'!$A$3:$M$2883,13,0),"") | XEP38: =+IF($AQ38=$XEP$13,$AM38,"") | XEQ38: =+IF($AQ38=$XEQ$13,$AM38,"") | XER38: =+IF($AQ38=$XER$13,$AM38,"") | XES38: =+IF($AQ38=$XES$13,$AM38,"")
